"","code","title","website","uni","country","city","lat","lon","xmin","ymin","xmax","ymax"
"1","4CITIES"," UNICA Euromaster in Urban Studies","http://www.4cities.eu/","Free University of Brussels","Belgium","Brussels",50.8503,4.3517,-5.7038,3.6761,18.3738,52.8503
"2","ACES"," Joint Masters Degree in Aquaculture, Environment and Society","http://www.sams.ac.uk/aces-erasmus","University of the Highlands and Islands","UK","Oban",56.4152,-5.471,-7.471,33.3387,27.1442,58.4152
"3","ADVANCES"," MA Advanced Development in Social Work","http://www.socialworkadvances.org/","University of Lincoln","UK","Lincoln",53.2307,-0.5406,-11.1393,36.7223,23.0122,59.0488
"4","AMASE"," Joint European Master Programme on Advanced Materials Science and Engineering","http://www.amase-master.net/","Saarland University","Germany","SaarbrÃ_cken",49.2402,6.9969,0.1734,39.3851,24.1567,67.5848
"5","ARCHMAT"," European Master in ARCHaeological MATerials Science","http://www.erasmusmundus-archmat.uevora.pt/","University of Evora","Portugal","Evora",38.5707,-7.9093,-9.9093,36.5707,24.9444,43.9028
"6","ASC"," Advanced Spectroscopy in Chemistry Master's Course","http://www.master-asc.org/","University of Bologna","Italy","Bologna",44.4949,11.3426,1.0573,42.4949,26.9384,62.1699
"7","ASTROMUNDUS"," Astrophysics","http://www.astromundus.eu/","University of Innsbruck","Austria","Innsbruck",47.2692,1.4041,-0.5959,39.9028,22.4489,53.5413
"8","ATOSIM"," Atomic Scale Modelling of Physical, Chemical and Bio-molecular Systems","http://www.erasmusmundus-atosim.cecam.org/","University of Lyon","France","Lyon",45.764,4.8357,2.8357,39.9028,14.4964,54.3702
"9","BIFTEC"," European Master of Science in Food Science, Technology and Business","http://www.fet.kuleuven.be/biftec","University of Leuven","Belgium","Ghent",51.0543,3.7174,-10.6291,39.1579,13.7537,53.7834
"10","CARTO","CARTO E+ JMD Cartography","http://www.cartographymaster.eu/","Technical University of Munich","Germany","Munich",48.1351,11.582,4.8937,46.1351,18.3738,54.2215
"11","ChIR"," Erasmus Mundus Master in Chemical Innovation and Regulation","http://www.emmcchir.org/","University of Algarve","Portugal","Faro",37.0194,-7.9304,-9.9304,35.0194,13.3426,57.9533
"13","CLE"," Master Erasmus Mundus en  en Cultures Littéraires Européennes","http://www.cle.unibo.it/site/","University of Bologna","Italy","Bologna",44.4949,11.3426,-19.366,12.7645,24.9444,50.5734
"14","CoDe"," Joint European Master in Comparative Local Development","http://www.erasmusmundus-code.eu/","Corvinus University of Budapest","Hungary","Budapest",47.4979,19.0402,9.1217,44.0569,21.0402,51.0134
"15","CoMEM"," Erasmus Mundus MSC Coastal and Marine Engineering and Management","http://www.ntnu.edu/studies/mscomem","Norwegian University of Science and Technology","Norway","Trondheim",63.4305,10.3951,-3.4044,39.3851,12.3951,65.4305
"16","COSI","COSI Colour in Science and Industry","http://www.master-colorscience.eu/","University Jean Monnet","France","Saint-Etienne",45.4397,4.3872,-5.5986,35.1773,31.7636,64.601
"18","DCLead"," Msc Digital Communication Leadership","http://www.dclead.eu/","University of Salzburg","Austria","Salzburg",47.8095,13.055,2.3517,45.8095,15.055,59.0488
"20","Dyclam"," Dynamics of cultural landscapes and heritage management","http://www.dyclam.eu/fr/","University Jean Monnet","France","Saint-Etienne",45.4397,4.3872,-10.4043,37.6052,16.2681,50.8566
"21","EACH"," Excellence in Analytical Chemistry","http://www.analyticalchemistry.eu/","University of Tartu","Estonia","Tartu",58.3776,6.729,2.8357,43.764,24.2666,62.4518
"23","EM HRPP"," Erasmus Mundus Masters in Human Rights Policy and Practice","http://ws1.roehampton.ac.uk/admissions/erasmusmundus/hrp/index.html","Roehampton University","UK","London",51.5074,-0.1278,-4.935,41.263,13.9746,59.7089
"24","EMARO+"," European Master on Advanced Robotics +","http://emaro.irccyn.ec-nantes.fr/","École centrale de Nantes","France","Nantes",47.2184,-1.5536,-3.5536,37.9864,23.0122,54.2297
"25","EMECC NURSING"," Emergency and Critical Care Nursing","http://masternursing.uniovi.es/","University of Oviedo","Spain","Oviedo",43.3619,-5.8494,-10.686,35.0194,26.9384,62.1699
"26","EMECS"," European Masters programme in Embedded Computing Systems","http://www.emecs.eu/","University of Kaiserslautern","Germany","Kaiserslautern",49.4401,7.7491,-3.4044,47.4401,12.3951,65.4305
"27","EMERALD"," Master Course in Georesources Engineering","http://em-georesources.eu/","University of Liège","Belgium","Liège",50.5831,5.5591,3.5591,46.6921,24.1567,67.5848
"28","EMGS"," Global Studies - A European Perspective","http://www.globalstudies-masters.info/","London School of Economics and Political Sciences","UK","London",51.5074,-0.1278,-2.1278,46.2082,19.0385,57.6419
"29","EMLE"," European Master in Law and Economics","http://www.emle.org/","Erasmus University Rotterdam","Netherlands","Rotterdam",51.9244,4.4777,1.7174,17.076,74.8777,55.5511
"30","EMLex ","European Master in Lexicography","http://www.emlex.phil.uni-erlangen.de/","Karoli Gaspar University of the Reformed Church in Hungary","Hungary","Budapest",47.4979,19.0402,-10.5448,-35.9321,21.0402,54.1548
"31","EMMCMSP"," Erasmus Mundus Master Course on Maritime Spatial Planning","http://www.iuav.it/Didattica1/master/master---I1/Erasmus-Mu/","IUAV University of Venice","Italy","Venice",45.4408,12.3155,-27.6806,35.3891,14.3155,47.4408
"32","EMM-Nano","Nano - Erasmus Mundus Master in Nanoscience and Nanotechnology","http://www.emm-nano.org/","Catholic University of Leuven","Belgium","Leuven",50.8798,4.7005,2.7005,43.1885,15.7373,59.7089
"33","EMPHID"," Public Health in Disasters","http://www.pubhealthdisasters.eu/","Karolinska Institute","Sweden","Solna",59.3689,18.0084,-7.8494,41.3619,20.0084,61.3689
"34","EMQAL"," European Joint Master in Quality in Analytical Laboratories","http://www.emqal.org/","University of Algarve","Portugal","Faro",37.0194,-7.9304,-9.9304,34.5271,20.6466,62.3913
"36","EMSD"," European Master programme in Systems Dynamics","http://www.europeansystemdynamics.eu/","University of Bergen","Norway","Bergen",60.3913,5.3221,-11.1393,36.1157,15.3613,62.3913
"37","EMSE"," European Masters Programme in Software Engineering","http://em-se.eu/","Free University of Bozen-Bolzano","Italy","Bolzano",46.4983,11.3548,-5.7038,38.4168,27.4651,67.0121
"38","EMSHIP"," European Education in Advanced Ship Design","http://www.emship.eu/","University of Liège","Belgium","Liège",50.5831,5.5591,-3.5536,42.4056,30.008,56.0924
"39","EMTM"," European Master in Tourism Management","http://www.emtmmaster.net/","University of Southern Denmark","Denmark","Kolding",55.496,9.4731,0.8214,39.9794,16.5058,57.496
"40","EPOG"," Master's Course - Economic Policies in the age of Globalisation : knowledge, finance and development","http://www.epog.eu/","University of Paris XIII-Nord","France","Paris",48.8566,2.3522,-2.3007,-28.2041,30.0473,54.52
"41","EUCOMOR"," European Master in Comparative Morphology","http://www.eucomor.net/","University of Antwerp","Belgium","Antwerp",51.2194,4.4025,2.4025,38.8518,18.9252,54.4064
"44","EUROPHOTONICS"," Master in Photonics Engineering, Nanophotonics and Biophotonics","http://www.europhotonics.org/wordpress/","University of Aix-Marseille III Paul Cezanne","France","Marseille",43.2965,5.3698,0.1734,39.3851,27.2797,56.6872
"45","EU4M - EMMC"," EMMC Mechatronic Engineering","http://www.eu4m.eu/","University of Oviedo","Spain","Oviedo",43.3619,-5.8494,-7.8494,28.0131,42.9766,59.0051
"46","EUPADRA"," PARLIAMENTARY PROCEDURES AND LEGISLATIVE DRAFTING","http://eupadra.eu/","Free International University of Social Studies","Italy","Rome",41.9028,12.4964,-5.7038,38.4168,14.4964,53.5074
"49","GroundwatCH"," Groundwater and Global Change - Impacts and Adaptation","http://www.groundwatermaster.eu/","Technical Institute of Lisbon","Portugal","Lisbon",38.7223,-9.1393,-11.1393,36.7223,15.7373,54.0116
"51","GeoTech"," Master of Science in Geospatial Technologies","http://mastergeotech.info/","University of MÃ_nster","Germany","MÃ_nster",51.9607,7.6261,-11.1393,36.7223,9.6261,53.9607
"52","GLOBED","GLOBED Erasmus Mundus Joint Master Degree on Education Policies for Global Development","http://globed.eu/","Autonomous University of Barcelona","Spain","Barcelona",41.3851,2.1734,0.1734,33.8956,16.4869,61.9139
"53","IMAE"," International Master in Applied Ecology","http://www.emmc-imae.org/","University of Poitiers","France","Poitiers",46.5802,0.3404,-53.2177,-32.0346,12.1228,56.3233
"54","IMAESC"," International Master in Adult Education for Social Change","http://www.gla.ac.uk/postgraduate/erasmusmundus/imaesc/","University of Glasgow","UK","Glasgow",55.8642,-4.2518,-6.2518,33.8956,26.7536,61.437
"55","IMFSE"," International Master of Science in Fire Safety Engineering","http://www.imfse.ugent.be/","Ghent University","Belgium","Ghent",51.0543,3.7174,-5.1883,49.0543,15.191,57.9533
"56","IMIM"," International Master in Industrial Management","http://www.imim.polimi.it/","Technical University of Madrid","Spain","Madrid",40.4168,-3.7038,-5.7038,38.4168,13.582,57.9533
"57","IMIM Med"," International Master in Innovative Medicine","http://www.innovativemedicine.eu/","University of Groningen","The Netherlands","Groningen",53.2194,6.5665,4.5665,47.3988,19.6389,61.8586
"58","IMQP"," Erasmus Mundus Master in Quaternary and Prehistory","https://sites.google.com/a/unife.it/quaternary-prehistory/","University of Ferrara","Italy","Ferrara",44.8381,11.6198,-10.4043,37.6052,13.6198,50.8566
"59","IMRCEES"," International Masters in Russian, Central and East European Studies","http://www.gla.ac.uk/postgraduate/erasmusmundus/imrcees/","Jagiellonian University","Poland","Krakow",50.0647,19.945,-6.2518,39.7151,78.8512,60.3776
"60","IMRD"," International Master of Science in Rural Development","http://www.imrd.ugent.be/","Slovak University of Agriculture in Nitra","Slovakia","Nitra",48.3061,18.0764,-3.6778,41.7228,20.0764,54.52
"63","KINOEYES | KEM"," The European Movie Masters","http://www.kinoeyes.eu/","Lusofona University","Portugal","Lisbon",38.7223,-9.1393,-11.1393,36.7223,26.7536,61.437
"64","LCT"," European Masters Program in Language and Communication Technologies","http://www.lct-master.org/","The University of the Basque Country","Spain","San Sebastian",43.3183,-1.9812,-3.9812,33.8956,16.4869,55.2194
"65","LIVE"," Leading International Vaccinology Education","http://live.univ-lyon1.fr/","University of Antwerp","Belgium","Antwerp",51.2194,4.4025,0.1734,39.3851,6.8357,53.2194
"66","MAIA"," Medical Imaging and Applications EMJMD","http://www.maiamaster.org/","University of Girona","Spain","Girona",41.9794,2.8214,0.8214,39.4908,15.8334,49.322
"67","MAMASELF"," Master in material science exploring European large scale facilities","http://www.mamaself.eu/","University of Rennes 1","France","Rennes",48.1173,-1.6778,-3.6778,41.6108,13.582,50.1351
"69","MATHMODS"," Mathematical Modelling in Engineering: Theory, Numerics, Applications","http://www.mathmods.eu/","University of L'Aquila","Italy","L'Aquila",42.3498,13.3995,0.1734,39.3851,20.6466,56.352
"70","MCM"," Master of Science in Computational Mechanics","http://www.cimne.com/cm-master/","Swansea University","UK","Swansea",51.6214,-3.9436,-5.9436,39.3851,11.1829,53.6214
"71","ME3"," European Joint Masters in Management and Engineering of Environment and Energy","http://www.emn.fr/z-de/me3-site/","Queen's University Belfast","UK","Belfast",54.5973,-5.9301,-7.9301,38.4168,21.0402,61.3293
"73","Media AC","Media AC ̐ Media Arts Cultures","http://www.mediaartscultures.eu/","Danube University Krems","Austria","Krems an der Donau",48.41,15.6038,7.9217,20.3964,116.1095,59.0488
"74","MEEES"," Masters in Earthquake Engineering and Engineering Seismology","http://www.meees.org/","Institute for Advanced Study/University of Pavia - UME School, Italy","Italy","Pavia",45.1847,9.1582,3.7245,36.2466,34.8597,54.401
"75","MEGEI"," MA Economics of Globalisation and European Integration","http://www.ua.ac.be/egei","Antwerpen University","Belgium","Antwerp",51.2194,4.4025,-49.8822,-17.7942,18.8719,55.0027
"76","MEME"," Erasmus Mundus Master Programme in Evolutionary Biology","http://www.evobio.eu/","University of Groningen","The Netherlands","Groningen",53.2194,6.5665,-73.1097,40.3736,19.6389,61.8586
"77","MEREMMC"," European MSc in Marine Environment and Resources","http://www.merconsortium.eu/","University of Southampton","UK","Southampton",50.9097,-1.4044,-4.9901,41.3267,7.5591,52.9097
"78","MFAMILY"," European Master in Social Work with Families and Children","http://www.mfamily.eu/","University Institute of Lisbon","Portugal","Lisbon",38.7223,-9.1393,-11.1393,-1.6524,34.5825,60.97
"79","MIM"," Crossing the Mediterranean: towards investment and integration","http://www.mastermimplus.eu/","Autonomous University of Barcelona","Spain","Barcelona",41.3851,2.1734,0.1734,39.3851,14.3155,47.4408
"81","MONABIP"," Molecular Nano- and Biophotonics","http://www.monabiphot.ens-cachan.fr/","Cachan Normal Superior University","France","Cachan",48.7919,2.3314,-5.7038,38.4168,19.0385,53.1079
"83","MUNDUS JOURNALISM"," Erasmus Mundus Masters Journalism, Media and Globalisation","http://www.mundusjournalism.com/","University of Amsterdam","The Netherlands","Amsterdam",52.3702,4.8952,-5.9436,49.5074,11.9937,55.5511
"85","MUNDUS URBANO"," Master of Science in International Cooperation and Urban Development","http://www.mundus-urbano.eu/","University of Grenoble- Alpes","France","Grenoble",45.1885,5.7245,0.1734,39.3851,14.4964,51.8728
"87","PERCCOM"," PERvasive Computing & COMmunications for Sustainable Development","http://perccom.univ-lorraine.fr/","Lulea University of Technology","Sweden","Lulea",65.5848,22.1567,-1.6649,46.6921,30.1897,67.5848
"89","PlantHealth"," European Master degree in Plant Health in Sustainable Cropping Systems","http://planthealth.upv.es/","Technical University of Valencia","Spain","Valencia",39.4699,-0.3763,-3.6778,37.4699,13.8768,53.5413
"90","QEM"," Models and Methods of Quantitative Economics","http://erasmusmundus-qem.univ-paris1.fr/","Bielefeld University","Germany","Bielefeld",52.0302,8.5325,0.1734,39.3851,14.3155,54.0302
"92","SPACEMASTER"," EMMC in Space Science and Technology","http://www.spacemaster.eu/","Lulea University of Technology","Sweden","Lulea",65.5848,22.1567,-2.6087,33.6895,141.6917,67.5848
"93","SSI"," Joint International Master in Smart Systems Integration","http://ssi-master.eu/","Heriot Watt University","UK","Edinburgh",55.9533,-3.1883,-5.1883,45.4979,21.0402,61.1708
"94","STEPS"," Erasmus Mundus Master Course in Sustainable Transportation and Electrical Power Systems","http://emmcsteps.uniovi.es/","University of Oviedo","Spain","Oviedo",43.3619,-5.8494,-10.4404,38.2048,14.4964,54.9548
"96","SUSCOS"," Sustainable Constructions under Natural Hazards and Catastrophic Events","http://steel.fsv.cvut.cz/suscos/","Czech Technical University in Prague","Czech Republic","Prague",50.0755,14.4378,-10.4404,38.2048,24.1567,67.5848
"97","TCCM"," Euromaster on Theoretical Chemistry and Computational Modelling","http://www.emtccm.org/","Autonomous University of Madrid","Spain","Madrid",40.4168,-3.7038,-10.6291,37.4699,14.3908,55.2194
"98","TPTI"," Techniques, Patrimoine, Territoires de l'Industrie","http://www.tpti.eu/","University of Paris 1 Pantheon-Sorbonne","France","Paris",48.8566,2.3522,-9.9093,36.5707,13.8768,50.8566
"99","TRIBOS"," Joint European master in tribology of surfaces and interfaces","http://www.master-tribos.eu/","University of Leeds","UK","Leeds",53.8008,-1.5491,-10.4404,38.2048,24.1567,67.5848
"100","TROPIMUNDO"," Erasmus Mundus Masters Course in Tropical Biodiversity and Ecosystems","http://www.tropimundo.eu/","Free University of Brussels","Belgium","Brussels",50.8503,4.3517,0.3522,-29.4954,155.012,52.8503
"101","VINIFERA"," European Master of Science of Viticulture and Enology","http://vinifera-euromaster.eu/","Montpellier SupAgro","France","Montpellier",43.6108,3.8767,-11.1393,36.7223,15.2346,51.9844
"103","WINTOUR"," EMJMD on Wine Tourism Innovation","http://www.wintour-master.eu/en_index/","University Rovira i Virgili","Spain","Tarragona",41.1189,1.2445,-10.6291,39.1189,3.2445,46.8378
"104","4CITIES"," UNICA Euromaster in Urban Studies","http://www.4cities.eu/","Free University of Brussels","Belgium","Brussels",50.8503,4.3517,-5.7038,3.6761,18.3738,52.8503
"105","ACES"," Joint Masters Degree in Aquaculture, Environment and Society","http://www.sams.ac.uk/aces-erasmus","University of Crete","Greece","Heraklion",35.3387,25.1442,-7.471,33.3387,27.1442,58.4152
"106","ADVANCES"," MA Advanced Development in Social Work","http://www.socialworkadvances.org/","Aalborg University","Denmark","Aalborg",57.0488,9.9217,-11.1393,36.7223,23.0122,59.0488
"107","AMASE"," Joint European Master Programme on Advanced Materials Science and Engineering","http://www.amase-master.net/","Lulea Technology University","Sweden","Lulea",65.5848,22.1567,0.1734,39.3851,24.1567,67.5848
"108","ARCHMAT"," European Master in ARCHaeological MATerials Science","http://www.erasmusmundus-archmat.uevora.pt/","Sapienza University","Italy","Rome",41.9028,12.4964,-9.9093,36.5707,24.9444,43.9028
"109","ASC"," Advanced Spectroscopy in Chemistry Master's Course","http://www.master-asc.org/","University of Helsinki","Finland","Helsinki",60.1699,24.9384,1.0573,42.4949,26.9384,62.1699
"110","ASTROMUNDUS"," Astrophysics","http://www.astromundus.eu/","University of Belgrade","Serbia","Belgrade",44.7866,20.4489,-0.5959,39.9028,22.4489,53.5413
"111","ATOSIM"," Atomic Scale Modelling of Physical, Chemical and Bio-molecular Systems","http://www.erasmusmundus-atosim.cecam.org/","University of Amsterdam","Netherlands","Amsterdam",52.3702,4.8952,2.8357,39.9028,14.4964,54.3702
"112","BIFTEC"," European Master of Science in Food Science, Technology and Business","http://www.fet.kuleuven.be/biftec","Catholic University of Portugal","Portugal","Porto",41.1579,-8.6291,-10.6291,39.1579,13.7537,53.7834
"113","CARTO","CARTO E+ JMD Cartography","http://www.cartographymaster.eu/","Vienna University of Technology","Austria","Vienna",48.2082,16.3738,4.8937,46.1351,18.3738,54.2215
"114","ChIR"," Erasmus Mundus Master in Chemical Innovation and Regulation","http://www.emmcchir.org/","University of Barcelona","Spain","Barcelona",41.3851,2.1734,-9.9304,35.0194,13.3426,57.9533
"116","CLE"," Master Erasmus Mundus en  en Cultures Littéraires Européennes","http://www.cle.unibo.it/site/","University of Upper Alsace","France","Mulhouse",47.7508,7.3359,-19.366,12.7645,24.9444,50.5734
"117","CoDe"," Joint European Master in Comparative Local Development","http://www.erasmusmundus-code.eu/","University of Trento","Italy","Trento",46.0748,11.1217,9.1217,44.0569,21.0402,51.0134
"118","CoMEM"," Erasmus Mundus MSC Coastal and Marine Engineering and Management","http://www.ntnu.edu/studies/mscomem","Technical University of Catalonia Barcelona Tech","Spain","Barcelona",41.3851,2.1734,-3.4044,39.3851,12.3951,65.4305
"119","COSI","COSI Colour in Science and Industry","http://www.master-colorscience.eu/","University of Granada","Spain","Granada",37.1773,-3.5986,-5.5986,35.1773,31.7636,64.601
"121","DCLead"," Msc Digital Communication Leadership","http://www.dclead.eu/","Aalborg University","Denmark","Aalborg",57.0488,9.9217,2.3517,45.8095,15.055,59.0488
"123","Dyclam"," Dynamics of cultural landscapes and heritage management","http://www.dyclam.eu/fr/","Polytechnic Institute of Tomar","Portugal","Tomar",39.6052,-8.4043,-10.4043,37.6052,16.2681,50.8566
"124","EACH"," Excellence in Analytical Chemistry","http://www.analyticalchemistry.eu/","University Claude Bernard Lyon 1","France","Lyon",45.764,4.8357,2.8357,43.764,24.2666,62.4518
"126","EM HRPP"," Erasmus Mundus Masters in Human Rights Policy and Practice","http://ws1.roehampton.ac.uk/admissions/erasmusmundus/hrp/index.html","University of Gothenburg","Sweden","Gothenburg",57.7089,11.9746,-4.935,41.263,13.9746,59.7089
"127","EMARO+"," European Master on Advanced Robotics +","http://emaro.irccyn.ec-nantes.fr/","Warsaw University of Technology","Poland","Warsaw",52.2297,21.0122,-3.5536,37.9864,23.0122,54.2297
"128","EMECC NURSING"," Emergency and Critical Care Nursing","http://masternursing.uniovi.es/","University of Algarve","Portugal","Faro",37.0194,-7.9304,-10.686,35.0194,26.9384,62.1699
"129","EMECS"," European Masters programme in Embedded Computing Systems","http://www.emecs.eu/","Norwegian University of Science and Technology","Norway","Trondheim",63.4305,10.3951,-3.4044,47.4401,12.3951,65.4305
"130","EMERALD"," Master Course in Georesources Engineering","http://em-georesources.eu/","University of Lorraine","France","Nancy",48.6921,6.1844,3.5591,46.6921,24.1567,67.5848
"131","EMGS"," Global Studies - A European Perspective","http://www.globalstudies-masters.info/","Roskilde University","Denmark","Roskilde",55.6419,12.0878,-2.1278,46.2082,19.0385,57.6419
"132","EMLE"," European Master in Law and Economics","http://www.emle.org/","Aix-Marseille University","France","Aix-en-Provence",43.5297,5.4474,1.7174,17.076,74.8777,55.5511
"133","EMLex ","European Master in Lexicography","http://www.emlex.phil.uni-erlangen.de/","University of Silesia in Katowice","Poland","Katowice",50.2649,19.0238,-10.5448,-35.9321,21.0402,54.1548
"134","EMMCMSP"," Erasmus Mundus Master Course on Maritime Spatial Planning","http://www.iuav.it/Didattica1/master/master---I1/Erasmus-Mu/","University of the Azores","Portugal","Ponta Delgada",37.7428,-25.6806,-27.6806,35.3891,14.3155,47.4408
"135","EMM-Nano","Nano - Erasmus Mundus Master in Nanoscience and Nanotechnology","http://www.emm-nano.org/","Chalmers University of Technology","Sweden","Gothenburg",57.7089,11.9746,2.7005,43.1885,15.7373,59.7089
"136","EMPHID"," Public Health in Disasters","http://www.pubhealthdisasters.eu/","Catholic University of Leuven","Belgium","Leuven",50.8798,4.7005,-7.8494,41.3619,20.0084,61.3689
"137","EMQAL"," European Joint Master in Quality in Analytical Laboratories","http://www.emqal.org/","University of Barcelona","Spain","Barcelona",41.3851,2.1734,-9.9304,34.5271,20.6466,62.3913
"139","EMSD"," European Master programme in Systems Dynamics","http://www.europeansystemdynamics.eu/","New University of Lisbon","Portugal","Lisbon",38.7223,-9.1393,-11.1393,36.1157,15.3613,62.3913
"140","EMSE"," European Masters Programme in Software Engineering","http://em-se.eu/","University of Oulu","Finland","Oulu",65.0121,25.4651,-5.7038,38.4168,27.4651,67.0121
"141","EMSHIP"," European Education in Advanced Ship Design","http://www.emship.eu/","École centrale de Nantes","France","Nantes",47.2184,-1.5536,-3.5536,42.4056,30.008,56.0924
"142","EMTM"," European Master in Tourism Management","http://www.emtmmaster.net/","University of Ljubljana","Slovenia","Ljubljana",46.0569,14.5058,0.8214,39.9794,16.5058,57.496
"143","EPOG"," Master's Course - Economic Policies in the age of Globalisation : knowledge, finance and development","http://www.epog.eu/","Berlin School of Economics and Law","Germany","Berlin",52.52,13.405,-2.3007,-28.2041,30.0473,54.52
"144","EUCOMOR"," European Master in Comparative Morphology","http://www.eucomor.net/","Justus Liebig University Giessen","Germany","Giessen",50.5841,8.6784,2.4025,38.8518,18.9252,54.4064
"147","EUROPHOTONICS"," Master in Photonics Engineering, Nanophotonics and Biophotonics","http://www.europhotonics.org/wordpress/","University of Karlsruhe","Germany","Karlsruhe",49.0069,8.4037,0.1734,39.3851,27.2797,56.6872
"148","EU4M - EMMC"," EMMC Mechatronic Engineering","http://www.eu4m.eu/","Karlsruhe University of Applied Sciences","Germany","Karlsruhe",49.0069,8.4037,-7.8494,28.0131,42.9766,59.0051
"149","EUPADRA"," PARLIAMENTARY PROCEDURES AND LEGISLATIVE DRAFTING","http://eupadra.eu/","University of London","UK","London",51.5074,-0.1278,-5.7038,38.4168,14.4964,53.5074
"152","GroundwatCH"," Groundwater and Global Change - Impacts and Adaptation","http://www.groundwatermaster.eu/","UNESCO-IHE Institute for Water Education","Netherlands","Delft",52.0116,4.3571,-11.1393,36.7223,15.7373,54.0116
"154","GeoTech"," Master of Science in Geospatial Technologies","http://mastergeotech.info/","University Jaume I","Spain","CastellÃ_n de la Plana",39.9864,-0.0513,-11.1393,36.7223,9.6261,53.9607
"155","GLOBED","GLOBED Erasmus Mundus Joint Master Degree on Education Policies for Global Development","http://globed.eu/","University of Oslo","Norway","Oslo",59.9139,10.7522,0.1734,33.8956,16.4869,61.9139
"156","IMAE"," International Master in Applied Ecology","http://www.emmc-imae.org/","University Christian-Albrechts","Germany","Kiel",54.3233,10.1228,-53.2177,-32.0346,12.1228,56.3233
"157","IMAESC"," International Master in Adult Education for Social Change","http://www.gla.ac.uk/postgraduate/erasmusmundus/imaesc/","University of Malta","Malta","Msida",35.8956,14.4869,-6.2518,33.8956,26.7536,61.437
"158","IMFSE"," International Master of Science in Fire Safety Engineering","http://www.imfse.ugent.be/","Lund University","Sweden","Lund",55.7047,13.191,-5.1883,49.0543,15.191,57.9533
"159","IMIM"," International Master in Industrial Management","http://www.imim.polimi.it/","Polytechnic University of Milan","Italy","Milan",45.4654,9.1859,-5.7038,38.4168,13.582,57.9533
"160","IMIM Med"," International Master in Innovative Medicine","http://www.innovativemedicine.eu/","Heidelberg University","Germany","Heidelberg",49.3988,8.6724,4.5665,47.3988,19.6389,61.8586
"161","IMQP"," Erasmus Mundus Master in Quaternary and Prehistory","https://sites.google.com/a/unife.it/quaternary-prehistory/","Rovira i Virgili University","Spain","Tarragona",41.1189,1.2445,-10.4043,37.6052,13.6198,50.8566
"162","IMRCEES"," International Masters in Russian, Central and East European Studies","http://www.gla.ac.uk/postgraduate/erasmusmundus/imrcees/","University of Glasgow","UK","Glasgow",55.8642,-4.2518,-6.2518,39.7151,78.8512,60.3776
"163","IMRD"," International Master of Science in Rural Development","http://www.imrd.ugent.be/","University of Pisa","Italy","Pisa",43.7228,10.4017,-3.6778,41.7228,20.0764,54.52
"166","KINOEYES | KEM"," The European Movie Masters","http://www.kinoeyes.eu/","Edinburgh Napier University","UK","Edinburgh",55.9533,-3.1883,-11.1393,36.7223,26.7536,61.437
"167","LCT"," European Masters Program in Language and Communication Technologies","http://www.lct-master.org/","University of Groningen","The Netherlands","Groningen",53.2194,6.5665,-3.9812,33.8956,16.4869,55.2194
"168","LIVE"," Leading International Vaccinology Education","http://live.univ-lyon1.fr/","University of Barcelona","Spain","Barcelona",41.3851,2.1734,0.1734,39.3851,6.8357,53.2194
"169","MAIA"," Medical Imaging and Applications EMJMD","http://www.maiamaster.org/","University of Bourgogne","France","Dijon",47.322,5.0415,0.8214,39.4908,15.8334,49.322
"170","MAMASELF"," Master in material science exploring European large scale facilities","http://www.mamaself.eu/","Technical University of Munich","Germany","Munich",48.1351,11.582,-3.6778,41.6108,13.582,50.1351
"172","MATHMODS"," Mathematical Modelling in Engineering: Theory, Numerics, Applications","http://www.mathmods.eu/","Autonomous University - Barcelona","Spain","Barcelona",41.3851,2.1734,0.1734,39.3851,20.6466,56.352
"173","MCM"," Master of Science in Computational Mechanics","http://www.cimne.com/cm-master/","Stuttgart University","Germany","Stuttgart",48.7758,9.1829,-5.9436,39.3851,11.1829,53.6214
"174","ME3"," European Joint Masters in Management and Engineering of Environment and Energy","http://www.emn.fr/z-de/me3-site/","Budapest University of Technology and Economics","Hungary","Budapest",47.4979,19.0402,-7.9301,38.4168,21.0402,61.3293
"176","Media AC","Media AC ̐ Media Arts Cultures","http://www.mediaartscultures.eu/","Aalborg University","Denmark","Aalborg",57.0488,9.9217,7.9217,20.3964,116.1095,59.0488
"177","MEEES"," Masters in Earthquake Engineering and Engineering Seismology","http://www.meees.org/","University of Grenoble Joseph Fourier","France","Grenoble",45.1885,5.7245,3.7245,36.2466,34.8597,54.401
"178","MEGEI"," MA Economics of Globalisation and European Integration","http://www.ua.ac.be/egei","University of Bari Aldo Moro","Italy","Bari",41.1171,16.8719,-49.8822,-17.7942,18.8719,55.0027
"179","MEME"," Erasmus Mundus Master Programme in Evolutionary Biology","http://www.evobio.eu/","Ludwig Maximilians University of Munich","Germany","Munich",48.1351,11.582,-73.1097,40.3736,19.6389,61.8586
"180","MEREMMC"," European MSc in Marine Environment and Resources","http://www.merconsortium.eu/","Bordeaux University","France","Bordeaux",44.8378,-0.5792,-4.9901,41.3267,7.5591,52.9097
"181","MFAMILY"," European Master in Social Work with Families and Children","http://www.mfamily.eu/","University of Gothenburg","Sweden","Gothenburg",57.7089,11.9746,-11.1393,-1.6524,34.5825,60.97
"182","MIM"," Crossing the Mediterranean: towards investment and integration","http://www.mastermimplus.eu/","Paul-Valery Montpellier University","France","Montpellier",43.6108,3.8767,0.1734,39.3851,14.3155,47.4408
"184","MONABIP"," Molecular Nano- and Biophotonics","http://www.monabiphot.ens-cachan.fr/","Complutense University of Madrid","Spain","Madrid",40.4168,-3.7038,-5.7038,38.4168,19.0385,53.1079
"186","MUNDUS JOURNALISM"," Erasmus Mundus Masters Journalism, Media and Globalisation","http://www.mundusjournalism.com/","City University London","UK","London",51.5074,-0.1278,-5.9436,49.5074,11.9937,55.5511
"188","MUNDUS URBANO"," Master of Science in International Cooperation and Urban Development","http://www.mundus-urbano.eu/","Darmstadt University","Germany","Darmstadt",49.8728,8.6512,0.1734,39.3851,14.4964,51.8728
"190","PERCCOM"," PERvasive Computing & COMmunications for Sustainable Development","http://perccom.univ-lorraine.fr/","University of Lorraine","France","Nancy",48.6921,6.1844,-1.6649,46.6921,30.1897,67.5848
"192","PlantHealth"," European Master degree in Plant Health in Sustainable Cropping Systems","http://planthealth.upv.es/","University of Göttingen","Germany","Göttingen",51.5413,9.9158,-3.6778,37.4699,13.8768,53.5413
"193","QEM"," Models and Methods of Quantitative Economics","http://erasmusmundus-qem.univ-paris1.fr/","Pantheon-Sorbonne University","France","Paris",48.8566,2.3522,0.1734,39.3851,14.3155,54.0302
"195","SPACEMASTER"," EMMC in Space Science and Technology","http://www.spacemaster.eu/","University of WÃ_rzburg","Germany","WÃ_rzburg",49.7913,9.9534,-2.6087,33.6895,141.6917,67.5848
"196","SSI"," Joint International Master in Smart Systems Integration","http://ssi-master.eu/","Buskerud and Vestfold University College","Norway","Vestfold",59.1708,10.1144,-5.1883,45.4979,21.0402,61.1708
"197","STEPS"," Erasmus Mundus Master Course in Sustainable Transportation and Electrical Power Systems","http://emmcsteps.uniovi.es/","University of Nottingham","UK","Nottingham",52.9548,-1.1581,-10.4404,38.2048,14.4964,54.9548
"199","SUSCOS"," Sustainable Constructions under Natural Hazards and Catastrophic Events","http://steel.fsv.cvut.cz/suscos/","University of Liège","Belgium","Liège",50.5831,5.5591,-10.4404,38.2048,24.1567,67.5848
"200","TCCM"," Euromaster on Theoretical Chemistry and Computational Modelling","http://www.emtccm.org/","University of Valencia","Spain","Valencia",39.4699,-0.3763,-10.6291,37.4699,14.3908,55.2194
"201","TPTI"," Techniques, Patrimoine, Territoires de l'Industrie","http://www.tpti.eu/","University of Evora","Portugal","Evora",38.5707,-7.9093,-9.9093,36.5707,13.8768,50.8566
"202","TRIBOS"," Joint European master in tribology of surfaces and interfaces","http://www.master-tribos.eu/","University of Ljubljana","Slovenia","Ljubljana",46.0569,14.5058,-10.4404,38.2048,24.1567,67.5848
"203","TROPIMUNDO"," Erasmus Mundus Masters Course in Tropical Biodiversity and Ecosystems","http://www.tropimundo.eu/","Free University of Brussels","Belgium","Brussels",50.8503,4.3517,0.3522,-29.4954,155.012,52.8503
"204","VINIFERA"," European Master of Science of Viticulture and Enology","http://vinifera-euromaster.eu/","Bordeaux Sciences Agro","France","Bordeaux",44.8378,-0.5792,-11.1393,36.7223,15.2346,51.9844
"206","WINTOUR"," EMJMD on Wine Tourism Innovation","http://www.wintour-master.eu/en_index/","University of Bordeaux","France","Bordeaux",44.8378,-0.5792,-10.6291,39.1189,3.2445,46.8378
"207","4CITIES"," UNICA Euromaster in Urban Studies","http://www.4cities.eu/","University of Vienna","Austria","Vienna",48.2082,16.3738,-5.7038,3.6761,18.3738,52.8503
"208","ACES"," Joint Masters Degree in Aquaculture, Environment and Society","http://www.sams.ac.uk/aces-erasmus","University of Nantes","France","Nantes",47.2184,-1.5536,-7.471,33.3387,27.1442,58.4152
"209","ADVANCES"," MA Advanced Development in Social Work","http://www.socialworkadvances.org/","University of Lisbon","Portugal","Lisbon",38.7223,-9.1393,-11.1393,36.7223,23.0122,59.0488
"210","AMASE"," Joint European Master Programme on Advanced Materials Science and Engineering","http://www.amase-master.net/","University of Lorraine","France","Nancy",48.6921,6.1844,0.1734,39.3851,24.1567,67.5848
"211","ARCHMAT"," European Master in ARCHaeological MATerials Science","http://www.erasmusmundus-archmat.uevora.pt/","Aristotle University of Thessaloniki","Greece","Thessaloniki",40.6401,22.9444,-9.9093,36.5707,24.9444,43.9028
"212","ASC"," Advanced Spectroscopy in Chemistry Master's Course","http://www.master-asc.org/","Jagiellonian University","Poland","Krakow",50.0647,19.945,1.0573,42.4949,26.9384,62.1699
"213","ASTROMUNDUS"," Astrophysics","http://www.astromundus.eu/","University of Göttingen","Germany","Göttingen",51.5413,9.9158,-0.5959,39.9028,22.4489,53.5413
"214","ATOSIM"," Atomic Scale Modelling of Physical, Chemical and Bio-molecular Systems","http://www.erasmusmundus-atosim.cecam.org/","Free University of Amsterdam","Netherlands","Amsterdam",52.3702,4.8952,2.8357,39.9028,14.4964,54.3702
"215","BIFTEC"," European Master of Science in Food Science, Technology and Business","http://www.fet.kuleuven.be/biftec","Anhalt University of Applied Sciences","Germany","Bernburg",51.7834,11.7537,-10.6291,39.1579,13.7537,53.7834
"216","CARTO","CARTO E+ JMD Cartography","http://www.cartographymaster.eu/","Dresden University of Technology","Germany","Dresden",51.0504,13.7373,4.8937,46.1351,18.3738,54.2215
"217","ChIR"," Erasmus Mundus Master in Chemical Innovation and Regulation","http://www.emmcchir.org/","University of Bologna","Italy","Bologna",44.4949,11.3426,-9.9304,35.0194,13.3426,57.9533
"219","CLE"," Master Erasmus Mundus en  en Cultures Littéraires Européennes","http://www.cle.unibo.it/site/","University of Strasbourg","France","Strasbourg",48.5734,7.7521,-19.366,12.7645,24.9444,50.5734
"220","CoDe"," Joint European Master in Comparative Local Development","http://www.erasmusmundus-code.eu/","University of Ljubljana","Slovenia","Ljubljana",46.0569,14.5058,9.1217,44.0569,21.0402,51.0134
"221","CoMEM"," Erasmus Mundus MSC Coastal and Marine Engineering and Management","http://www.ntnu.edu/studies/mscomem","Delft University of Technology","Netherlands","Delft",52.0116,4.3571,-3.4044,39.3851,12.3951,65.4305
"222","COSI","COSI Colour in Science and Industry","http://www.master-colorscience.eu/","University of Eastern Finland","Finland","Joensuu",62.601,29.7636,-5.5986,35.1773,31.7636,64.601
"224","DCLead"," Msc Digital Communication Leadership","http://www.dclead.eu/","Free University of Brussel","Belgium","Brussels",50.8503,4.3517,2.3517,45.8095,15.055,59.0488
"226","Dyclam"," Dynamics of cultural landscapes and heritage management","http://www.dyclam.eu/fr/","University of Naples Federico II","Italy","Napoli",40.8518,14.2681,-10.4043,37.6052,16.2681,50.8566
"227","EACH"," Excellence in Analytical Chemistry","http://www.analyticalchemistry.eu/","Uppsala University","Sweden","Uppsala",59.8586,17.6389,2.8357,43.764,24.2666,62.4518
"229","EM HRPP"," Erasmus Mundus Masters in Human Rights Policy and Practice","http://ws1.roehampton.ac.uk/admissions/erasmusmundus/hrp/index.html","University of Deusto","Spain","Bilbao",43.263,-2.935,-4.935,41.263,13.9746,59.7089
"230","EMARO+"," European Master on Advanced Robotics +","http://emaro.irccyn.ec-nantes.fr/","University of Genova","Italy","Genova",44.4056,8.9463,-3.5536,37.9864,23.0122,54.2297
"231","EMECC NURSING"," Emergency and Critical Care Nursing","http://masternursing.uniovi.es/","Polytechnic Institute of Santarém","Portugal","Santarém",39.2367,-8.686,-10.686,35.0194,26.9384,62.1699
"232","EMECS"," European Masters programme in Embedded Computing Systems","http://www.emecs.eu/","University of Southampton","UK","Southampton",50.9097,-1.4044,-3.4044,47.4401,12.3951,65.4305
"233","EMERALD"," Master Course in Georesources Engineering","http://em-georesources.eu/","Lulea University of Technology","Sweden","Lulea",65.5848,22.1567,3.5591,46.6921,24.1567,67.5848
"234","EMGS"," Global Studies - A European Perspective","http://www.globalstudies-masters.info/","University of Leipzig","Germany","Leipzig",51.3397,12.3731,-2.1278,46.2082,19.0385,57.6419
"235","EMLE"," European Master in Law and Economics","http://www.emle.org/","University of Bologna","Italy","Bologna",44.4949,11.3426,1.7174,17.076,74.8777,55.5511
"236","EMLex ","European Master in Lexicography","http://www.emlex.phil.uni-erlangen.de/","University of Lorraine","France","Nancy",48.6921,6.1844,-10.5448,-35.9321,21.0402,54.1548
"237","EMMCMSP"," Erasmus Mundus Master Course on Maritime Spatial Planning","http://www.iuav.it/Didattica1/master/master---I1/Erasmus-Mu/","University of Seville","Spain","Seville",37.3891,-5.9845,-27.6806,35.3891,14.3155,47.4408
"238","EMM-Nano","Nano - Erasmus Mundus Master in Nanoscience and Nanotechnology","http://www.emm-nano.org/","University Joseph Fourier","France","Grenoble",45.1885,5.7245,2.7005,43.1885,15.7373,59.7089
"239","EMPHID"," Public Health in Disasters","http://www.pubhealthdisasters.eu/","University of Oviedo","Spain","Oviedo",43.3619,-5.8494,-7.8494,41.3619,20.0084,61.3689
"240","EMQAL"," European Joint Master in Quality in Analytical Laboratories","http://www.emqal.org/","University of Bergen","Norway","Bergen",60.3913,5.3221,-9.9304,34.5271,20.6466,62.3913
"242","EMSD"," European Master programme in Systems Dynamics","http://www.europeansystemdynamics.eu/","University of Palermo","Italy","Palermo",38.1157,13.3613,-11.1393,36.1157,15.3613,62.3913
"243","EMSE"," European Masters Programme in Software Engineering","http://em-se.eu/","University of Kaiserslautern","Germany","Kaiserslautern",49.4401,7.7491,-5.7038,38.4168,27.4651,67.0121
"244","EMSHIP"," European Education in Advanced Ship Design","http://www.emship.eu/","University of Galati Dunarea de Jos","Romania","Galati",45.4353,28.008,-3.5536,42.4056,30.008,56.0924
"245","EMTM"," European Master in Tourism Management","http://www.emtmmaster.net/","University of Girona","Spain","Girona",41.9794,2.8214,0.8214,39.9794,16.5058,57.496
"246","EPOG"," Master's Course - Economic Policies in the age of Globalisation : knowledge, finance and development","http://www.epog.eu/","Kingston University","UK","Kingston",51.4123,-0.3007,-2.3007,-28.2041,30.0473,54.52
"247","EUCOMOR"," European Master in Comparative Morphology","http://www.eucomor.net/","University of Veterinary Medicine","Austria","Vienna",48.2082,16.3738,2.4025,38.8518,18.9252,54.4064
"250","EUROPHOTONICS"," Master in Photonics Engineering, Nanophotonics and Biophotonics","http://www.europhotonics.org/wordpress/","Technical University of Catalunya","Spain","Barcelona",41.3851,2.1734,0.1734,39.3851,27.2797,56.6872
"251","EU4M - EMMC"," EMMC Mechatronic Engineering","http://www.eu4m.eu/","L'École Nationale Supérieure de Mécanique et de Microtechniques","France","Besançon",47.2378,6.0241,-7.8494,28.0131,42.9766,59.0051
"252","EUPADRA"," PARLIAMENTARY PROCEDURES AND LEGISLATIVE DRAFTING","http://eupadra.eu/","Complutense University of Madrid","Spain","Madrid",40.4168,-3.7038,-5.7038,38.4168,14.4964,53.5074
"255","GroundwatCH"," Groundwater and Global Change - Impacts and Adaptation","http://www.groundwatermaster.eu/","Dresden University of Technology","Germany","Dresden",51.0504,13.7373,-11.1393,36.7223,15.7373,54.0116
"257","GeoTech"," Master of Science in Geospatial Technologies","http://mastergeotech.info/","New University of Lisbon","Portugal","Lisbon",38.7223,-9.1393,-11.1393,36.7223,9.6261,53.9607
"258","GLOBED","GLOBED Erasmus Mundus Joint Master Degree on Education Policies for Global Development","http://globed.eu/","University of Malta","Malta","Msida",35.8956,14.4869,0.1734,33.8956,16.4869,61.9139
"259","IMAE"," International Master in Applied Ecology","http://www.emmc-imae.org/","University of Coimbra","Portugal","Coimbra",40.2048,-8.4404,-53.2177,-32.0346,12.1228,56.3233
"260","IMAESC"," International Master in Adult Education for Social Change","http://www.gla.ac.uk/postgraduate/erasmusmundus/imaesc/","Tallinn University","Estonia","Tallinn",59.437,24.7536,-6.2518,33.8956,26.7536,61.437
"261","IMFSE"," International Master of Science in Fire Safety Engineering","http://www.imfse.ugent.be/","The University of Edinburgh","UK","Edinburgh",55.9533,-3.1883,-5.1883,49.0543,15.191,57.9533
"262","IMIM"," International Master in Industrial Management","http://www.imim.polimi.it/","Heriot-Watt University","UK","Edinburgh",55.9533,-3.1883,-5.7038,38.4168,13.582,57.9533
"263","IMIM Med"," International Master in Innovative Medicine","http://www.innovativemedicine.eu/","Uppsala University","Sweden","Uppsala",59.8586,17.6389,4.5665,47.3988,19.6389,61.8586
"264","IMQP"," Erasmus Mundus Master in Quaternary and Prehistory","https://sites.google.com/a/unife.it/quaternary-prehistory/","Polytechnic Institute of Tomar","Portugal","Tomar",39.6052,-8.4043,-10.4043,37.6052,13.6198,50.8566
"265","IMRCEES"," International Masters in Russian, Central and East European Studies","http://www.gla.ac.uk/postgraduate/erasmusmundus/imrcees/","Corvinus University of Budapest","Hungary","Budapest",47.4979,19.0402,-6.2518,39.7151,78.8512,60.3776
"266","IMRD"," International Master of Science in Rural Development","http://www.imrd.ugent.be/","Agrocampus Ouest","France","Rennes",48.1173,-1.6778,-3.6778,41.7228,20.0764,54.52
"269","KINOEYES | KEM"," The European Movie Masters","http://www.kinoeyes.eu/","Baltic Film and Media School","Estonia","Tallinn",59.437,24.7536,-11.1393,36.7223,26.7536,61.437
"270","LCT"," European Masters Program in Language and Communication Technologies","http://www.lct-master.org/","University of Lorraine","France","Nancy",48.6921,6.1844,-3.9812,33.8956,16.4869,55.2194
"271","LIVE"," Leading International Vaccinology Education","http://live.univ-lyon1.fr/","Autonomous University of Barcelona","Spain","Barcelona",41.3851,2.1734,0.1734,39.3851,6.8357,53.2194
"272","MAIA"," Medical Imaging and Applications EMJMD","http://www.maiamaster.org/","University of Cassino and Southern Lazio","Italy","Cassino",41.4908,13.8334,0.8214,39.4908,15.8334,49.322
"273","MAMASELF"," Master in material science exploring European large scale facilities","http://www.mamaself.eu/","Ludwig Maximilian University","Germany","Munich",48.1351,11.582,-3.6778,41.6108,13.582,50.1351
"275","MATHMODS"," Mathematical Modelling in Engineering: Theory, Numerics, Applications","http://www.mathmods.eu/","Gdansk University of Technology","Poland","Gdansk",54.352,18.6466,0.1734,39.3851,20.6466,56.352
"276","MCM"," Master of Science in Computational Mechanics","http://www.cimne.com/cm-master/","Polytechnic University of Catalonia","Spain","Barcelona",41.3851,2.1734,-5.9436,39.3851,11.1829,53.6214
"277","ME3"," European Joint Masters in Management and Engineering of Environment and Energy","http://www.emn.fr/z-de/me3-site/","The Technical University of Madrid","Spain","Madrid",40.4168,-3.7038,-7.9301,38.4168,21.0402,61.3293
"279","Media AC","Media AC Media Arts Cultures","http://www.mediaartscultures.eu/","University of Lodz","Poland","Lodz",51.7592,19.456,7.9217,20.3964,116.1095,59.0488
"280","MEEES"," Masters in Earthquake Engineering and Engineering Seismology","http://www.meees.org/","University of Patras","Greece","Patras",38.2466,21.7346,3.7245,36.2466,34.8597,54.401
"281","MEGEI"," MA Economics of Globalisation and European Integration","http://www.ua.ac.be/egei","Staffordshire University","UK","Stoke-on-Trent",53.0027,-2.1794,-49.8822,-17.7942,18.8719,55.0027
"282","MEME"," Erasmus Mundus Master Programme in Evolutionary Biology","http://www.evobio.eu/","Uppsala University","Sweden","Uppsala",59.8586,17.6389,-73.1097,40.3736,19.6389,61.8586
"283","MEREMMC"," European MSc in Marine Environment and Resources","http://www.merconsortium.eu/","Liège University","Belgium","Liège",50.5831,5.5591,-4.9901,41.3267,7.5591,52.9097
"284","MFAMILY"," European Master in Social Work with Families and Children","http://www.mfamily.eu/","University of Stavanger","Norway","Stavanger",58.97,5.7331,-11.1393,-1.6524,34.5825,60.97
"285","MIM"," Crossing the Mediterranean: towards investment and integration","http://www.mastermimplus.eu/","Ca' Foscari University of Venice","Italy","Venice",45.4408,12.3155,0.1734,39.3851,14.3155,47.4408
"287","MONABIP"," Molecular Nano- and Biophotonics","http://www.monabiphot.ens-cachan.fr/","Wroclaw University of Technology","Poland","Wroclaw",51.1079,17.0385,-5.7038,38.4168,19.0385,53.1079
"289","MUNDUS JOURNALISM"," Erasmus Mundus Masters Journalism, Media and Globalisation","http://www.mundusjournalism.com/","University of Hamburg","Germany","Hamburg",53.5511,9.9937,-5.9436,49.5074,11.9937,55.5511
"291","MUNDUS URBANO"," Master of Science in International Cooperation and Urban Development","http://www.mundus-urbano.eu/","University of Catalonia","Spain","Barcelona",41.3851,2.1734,0.1734,39.3851,14.4964,51.8728
"293","PERCCOM"," PERvasive Computing & COMmunications for Sustainable Development","http://perccom.univ-lorraine.fr/","ITMO University","Russia","Saint Petersburg",59.9343,0.3351,-1.6649,46.6921,30.1897,67.5848
"295","PlantHealth"," European Master degree in Plant Health in Sustainable Cropping Systems","http://planthealth.upv.es/","Agrocampus Ouest","France","Rennes",48.1173,-1.6778,-3.6778,37.4699,13.8768,53.5413
"296","QEM"," Models and Methods of Quantitative Economics","http://erasmusmundus-qem.univ-paris1.fr/","Autonomous University of Barcelona","Spain","Barcelona",41.3851,2.1734,0.1734,39.3851,14.3155,54.0302
"298","SPACEMASTER"," EMMC in Space Science and Technology","http://www.spacemaster.eu/","Cranfield University","UK","Cranfield",52.0686,-0.6087,-2.6087,33.6895,141.6917,67.5848
"299","SSI"," Joint International Master in Smart Systems Integration","http://ssi-master.eu/","Budapest University of Technology and Economics","Hungary","Budapest",47.4979,19.0402,-5.1883,45.4979,21.0402,61.1708
"300","STEPS"," Erasmus Mundus Master Course in Sustainable Transportation and Electrical Power Systems","http://emmcsteps.uniovi.es/","University of Rome","Italy","Rome",41.9028,12.4964,-10.4404,38.2048,14.4964,54.9548
"302","SUSCOS"," Sustainable Constructions under Natural Hazards and Catastrophic Events","http://steel.fsv.cvut.cz/suscos/","University of Naples Federico II","Italy","Napoli",40.8518,14.2681,-10.4404,38.2048,24.1567,67.5848
"303","TCCM"," Euromaster on Theoretical Chemistry and Computational Modelling","http://www.emtccm.org/","University of Groningen","Netherlands","Groningen",53.2194,6.5665,-10.6291,37.4699,14.3908,55.2194
"304","TPTI"," Techniques, Patrimoine, Territoires de l'Industrie","http://www.tpti.eu/","University of Padova","Italy","Padova",45.4064,11.8768,-9.9093,36.5707,13.8768,50.8566
"305","TRIBOS"," Joint European master in tribology of surfaces and interfaces","http://www.master-tribos.eu/","University of Coimbra","Portugal","Coimbra",40.2048,-8.4404,-10.4404,38.2048,24.1567,67.5848
"306","TROPIMUNDO"," Erasmus Mundus Masters Course in Tropical Biodiversity and Ecosystems","http://www.tropimundo.eu/","Pierre and Marie Curie University","France","Paris",48.8566,2.3522,0.3522,-29.4954,155.012,52.8503
"307","VINIFERA"," European Master of Science of Viticulture and Enology","http://vinifera-euromaster.eu/","Hochschule Geisenheim University","Germany","Geisenheim",49.9844,7.9614,-11.1393,36.7223,15.2346,51.9844
"309","WINTOUR"," EMJMD on Wine Tourism Innovation","http://www.wintour-master.eu/en_index/","University of Porto","Portugal","Porto",41.1579,-8.6291,-10.6291,39.1189,3.2445,46.8378
"310","4CITIES"," UNICA Euromaster in Urban Studies","http://www.4cities.eu/","University of Copenhagen","Denmark","Copenhagen",5.6761,12.5683,-5.7038,3.6761,18.3738,52.8503
"311","ADVANCES"," MA Advanced Development in Social Work","http://www.socialworkadvances.org/","Université Paris Ouest Nanterre La Défense","France","Paris",48.8566,2.3522,-11.1393,36.7223,23.0122,59.0488
"312","AMASE"," Joint European Master Programme on Advanced Materials Science and Engineering","http://www.amase-master.net/","Polytechnic University of Catalonia - BarcelonaTech","Spain","Barcelona",41.3851,2.1734,0.1734,39.3851,24.1567,67.5848
"313","ASC"," Advanced Spectroscopy in Chemistry Master's Course","http://www.master-asc.org/","University Leipzig","Germany","Leipzig",51.3397,12.3731,1.0573,42.4949,26.9384,62.1699
"314","ASTROMUNDUS"," Astrophysics","http://www.astromundus.eu/","University of Padova","Italy","Padova",45.4064,11.8768,-0.5959,39.9028,22.4489,53.5413
"315","ATOSIM"," Atomic Scale Modelling of Physical, Chemical and Bio-molecular Systems","http://www.erasmusmundus-atosim.cecam.org/","Sapienza University","Italy","Rome",41.9028,12.4964,2.8357,39.9028,14.4964,54.3702
"316","CARTO","CARTO E+ JMD Cartography","http://www.cartographymaster.eu/","University of Twente","Netherlands","Enschede",52.2215,6.8937,4.8937,46.1351,18.3738,54.2215
"317","ChIR"," Erasmus Mundus Master in Chemical Innovation and Regulation","http://www.emmcchir.org/","Heriot Watt University","UK","Edinburgh",55.9533,-3.1883,-9.9304,35.0194,13.3426,57.9533
"319","CLE"," Master Erasmus Mundus en  en Cultures Littéraires Européennes","http://www.cle.unibo.it/site/","Aristotle University of Thessaloniki","Greece","Thessaloniki",40.6401,22.9444,-19.366,12.7645,24.9444,50.5734
"320","CoDe"," Joint European Master in Comparative Local Development","http://www.erasmusmundus-code.eu/","University of Regensburg","Germany","Regensburg",49.0134,12.1016,9.1217,44.0569,21.0402,51.0134
"321","CoMEM"," Erasmus Mundus MSC Coastal and Marine Engineering and Management","http://www.ntnu.edu/studies/mscomem","City University, London","UK","London",51.5074,-0.1278,-3.4044,39.3851,12.3951,65.4305
"322","COSI","COSI Colour in Science and Industry","http://www.master-colorscience.eu/","Gjovik University College","Norway","Gjovik",60.7954,0.6916,-5.5986,35.1773,31.7636,64.601
"324","Dyclam"," Dynamics of cultural landscapes and heritage management","http://www.dyclam.eu/fr/","University of Stuttgart","Germany","Stuttgart",48.7758,9.1829,-10.4043,37.6052,16.2681,50.8566
"325","EACH"," Excellence in Analytical Chemistry","http://www.analyticalchemistry.eu/","Abo Akademi University","Finland","Turku",60.4518,22.2666,2.8357,43.764,24.2666,62.4518
"327","EMARO+"," European Master on Advanced Robotics +","http://emaro.irccyn.ec-nantes.fr/","Jaume I University","Spain","CastellÃ_n de la Plana",39.9864,-0.0513,-3.5536,37.9864,23.0122,54.2297
"328","EMECC NURSING"," Emergency and Critical Care Nursing","http://masternursing.uniovi.es/","Helsinki Metropolia University of Applied Sciences","Finland","Helsinki",60.1699,24.9384,-10.686,35.0194,26.9384,62.1699
"329","EMERALD"," Master Course in Georesources Engineering","http://em-georesources.eu/","Freiberg University of Mining and Technology","Germany","Freiberg",50.9128,13.3417,3.5591,46.6921,24.1567,67.5848
"330","EMGS"," Global Studies - A European Perspective","http://www.globalstudies-masters.info/","University of Vienna","Austria","Vienna",48.2082,16.3738,-2.1278,46.2082,19.0385,57.6419
"331","EMLE"," European Master in Law and Economics","http://www.emle.org/","University of Ghent","Belgium","Ghent",51.0543,3.7174,1.7174,17.076,74.8777,55.5511
"332","EMLex ","European Master in Lexicography","http://www.emlex.phil.uni-erlangen.de/","University of Minho","Portugal","Braga",41.5455,-8.4265,-10.5448,-35.9321,21.0402,54.1548
"333","EMM-Nano","Nano - Erasmus Mundus Master in Nanoscience and Nanotechnology","http://www.emm-nano.org/","Dresden University of Technology","Germany","Dresden",51.0504,13.7373,2.7005,43.1885,15.7373,59.7089
"334","EMQAL"," European Joint Master in Quality in Analytical Laboratories","http://www.emqal.org/","University of Cadiz","Spain","Cadiz",36.5271,-6.2886,-9.9304,34.5271,20.6466,62.3913
"336","EMSD"," European Master programme in Systems Dynamics","http://www.europeansystemdynamics.eu/","Radboud University","Netherlands","Nijmegen",51.8126,5.8372,-11.1393,36.1157,15.3613,62.3913
"337","EMSE"," European Masters Programme in Software Engineering","http://em-se.eu/","Technical University of Madrid","Spain","Madrid",40.4168,-3.7038,-5.7038,38.4168,27.4651,67.0121
"338","EMSHIP"," European Education in Advanced Ship Design","http://www.emship.eu/","University of Rostock","Germany","Rostock",54.0924,12.0991,-3.5536,42.4056,30.008,56.0924
"339","EPOG"," Master's Course - Economic Policies in the age of Globalisation : knowledge, finance and development","http://www.epog.eu/","Wits University","South Africa","Johannesburg",-26.2041,28.0473,-2.3007,-28.2041,30.0473,54.52
"340","EUCOMOR"," European Master in Comparative Morphology","http://www.eucomor.net/","Poznań University of Life Sciences","Poland","Poznań",52.4064,16.9252,2.4025,38.8518,18.9252,54.4064
"343","EUROPHOTONICS"," Master in Photonics Engineering, Nanophotonics and Biophotonics","http://www.europhotonics.org/wordpress/","Autonomous University of Barcelona","Spain","Barcelona",41.3851,2.1734,0.1734,39.3851,27.2797,56.6872
"344","EU4M - EMMC"," EMMC Mechatronic Engineering","http://www.eu4m.eu/","Nile University","Egypt","Giza",30.0131,31.2089,-7.8494,28.0131,42.9766,59.0051
"348","GLOBED","GLOBED Erasmus Mundus Joint Master Degree on Education Policies for Global Development","http://globed.eu/","University of Amsterdam","The Netherlands","Amsterdam",52.3702,4.8952,0.1734,33.8956,16.4869,61.9139
"349","IMAE"," International Master in Applied Ecology","http://www.emmc-imae.org/","University of East Anglia","UK","Norwich",52.6309,1.2974,-53.2177,-32.0346,12.1228,56.3233
"350","IMIM"," International Master in Industrial Management","http://www.imim.polimi.it/","Technical University of Munich","Germany","Munich",48.1351,11.582,-5.7038,38.4168,13.582,57.9533
"351","IMQP"," Erasmus Mundus Master in Quaternary and Prehistory","https://sites.google.com/a/unife.it/quaternary-prehistory/","University of Trás-os-Montes and Alto Douro","Portugal","Vila Rea",41.301,-7.7422,-10.4043,37.6052,13.6198,50.8566
"352","IMRCEES"," International Masters in Russian, Central and East European Studies","http://www.gla.ac.uk/postgraduate/erasmusmundus/imrcees/","University of Tartu","Estonia","Tartu",58.3776,6.729,-6.2518,39.7151,78.8512,60.3776
"353","IMRD"," International Master of Science in Rural Development","http://www.imrd.ugent.be/","Humboldt University of Berlin","Germany","Berlin",52.52,13.405,-3.6778,41.7228,20.0764,54.52
"356","LCT"," European Masters Program in Language and Communication Technologies","http://www.lct-master.org/","University of Malta","Malta","Msida",35.8956,14.4869,-3.9812,33.8956,16.4869,55.2194
"357","LIVE"," Leading International Vaccinology Education","http://live.univ-lyon1.fr/","Claude Bernard University Lyon 1","France","Lyon",45.764,4.8357,0.1734,39.3851,6.8357,53.2194
"358","MAMASELF"," Master in material science exploring European large scale facilities","http://www.mamaself.eu/","University of Torino","Italy","Torino",45.0703,7.6869,-3.6778,41.6108,13.582,50.1351
"360","MATHMODS"," Mathematical Modelling in Engineering: Theory, Numerics, Applications","http://www.mathmods.eu/","University of Hamburg","Germany","Hamburg",53.5511,9.9937,0.1734,39.3851,20.6466,56.352
"361","MCM"," Master of Science in Computational Mechanics","http://www.cimne.com/cm-master/","Nantes Technical University","France","Nantes",47.2184,-1.5536,-5.9436,39.3851,11.1829,53.6214
"362","ME3"," European Joint Masters in Management and Engineering of Environment and Energy","http://www.emn.fr/z-de/me3-site/","The Royal Institute of Technology","Sweden","Stockholm",59.3293,18.0686,-7.9301,38.4168,21.0402,61.3293
"364","Media AC","Media AC ̐ Media Arts Cultures","http://www.mediaartscultures.eu/","City University of Hong Kong","China","Hong Kong",22.3964,114.1095,7.9217,20.3964,116.1095,59.0488
"365","MEEES"," Masters in Earthquake Engineering and Engineering Seismology","http://www.meees.org/","Middle East Technical University","Turkey","Ankara",39.9334,32.8597,3.7245,36.2466,34.8597,54.401
"366","MEGEI"," MA Economics of Globalisation and European Integration","http://www.ua.ac.be/egei","University of Economics","Czech Republic","Prague",50.0755,14.4378,-49.8822,-17.7942,18.8719,55.0027
"367","MEME"," Erasmus Mundus Master Programme in Evolutionary Biology","http://www.evobio.eu/","University of Montpellier 2","France","Montpellier",43.6108,3.8767,-73.1097,40.3736,19.6389,61.8586
"368","MEREMMC"," European MSc in Marine Environment and Resources","http://www.merconsortium.eu/","University of the Basque Country","Spain","Leioa",43.3267,-2.9901,-4.9901,41.3267,7.5591,52.9097
"369","MFAMILY"," European Master in Social Work with Families and Children","http://www.mfamily.eu/","Makerere University","Uganda","Kampala",0.3476,32.5825,-11.1393,-1.6524,34.5825,60.97
"371","MONABIP"," Molecular Nano- and Biophotonics","http://www.monabiphot.ens-cachan.fr/","University of Wroclaw","Poland","Wroclaw",51.1079,17.0385,-5.7038,38.4168,19.0385,53.1079
"372","MUNDUS JOURNALISM"," Erasmus Mundus Masters Journalism, Media and Globalisation","http://www.mundusjournalism.com/","Swansea University","UK","Swansea",51.6214,-3.9436,-5.9436,49.5074,11.9937,55.5511
"374","MUNDUS URBANO"," Master of Science in International Cooperation and Urban Development","http://www.mundus-urbano.eu/","University of Rome Tor Vergata","Italy","Rome",41.9028,12.4964,0.1734,39.3851,14.4964,51.8728
"375","PERCCOM"," PERvasive Computing & COMmunications for Sustainable Development","http://perccom.univ-lorraine.fr/","Lappeenranta University of Technology","Finland","Lappeenranta",61.055,28.1897,-1.6649,46.6921,30.1897,67.5848
"376","PlantHealth"," European Master degree in Plant Health in Sustainable Cropping Systems","http://planthealth.upv.es/","AgroParisTech","France","Paris",48.8566,2.3522,-3.6778,37.4699,13.8768,53.5413
"377","QEM"," Models and Methods of Quantitative Economics","http://erasmusmundus-qem.univ-paris1.fr/","Ca' Foscari University of Venice","Italy","Venice",45.4408,12.3155,0.1734,39.3851,14.3155,54.0302
"379","SPACEMASTER"," EMMC in Space Science and Technology","http://www.spacemaster.eu/","Czech Technical University","Czech Republic","Prague",50.0755,14.4378,-2.6087,33.6895,141.6917,67.5848
"380","STEPS"," Erasmus Mundus Master Course in Sustainable Transportation and Electrical Power Systems","http://emmcsteps.uniovi.es/","Institute Polytechnic of Coimbra","Portugal","Coimbra",40.2048,-8.4404,-10.4404,38.2048,14.4964,54.9548
"382","SUSCOS"," Sustainable Constructions under Natural Hazards and Catastrophic Events","http://steel.fsv.cvut.cz/suscos/","University of Coimbra","Portugal","Coimbra",40.2048,-8.4404,-10.4404,38.2048,24.1567,67.5848
"383","TCCM"," Euromaster on Theoretical Chemistry and Computational Modelling","http://www.emtccm.org/","Catholic University of Leuven","Belgium","Leuven",50.8798,4.7005,-10.6291,37.4699,14.3908,55.2194
"384","TRIBOS"," Joint European master in tribology of surfaces and interfaces","http://www.master-tribos.eu/","Lulea University of Technology","Sweden","Lulea",65.5848,22.1567,-10.4404,38.2048,24.1567,67.5848
"385","TROPIMUNDO"," Erasmus Mundus Masters Course in Tropical Biodiversity and Ecosystems","http://www.tropimundo.eu/","University of Florence","Italy","Florence",43.7696,11.2558,0.3522,-29.4954,155.012,52.8503
"386","VINIFERA"," European Master of Science of Viticulture and Enology","http://vinifera-euromaster.eu/","Udine University","Italy","Udine",46.0711,13.2346,-11.1393,36.7223,15.2346,51.9844
"388","4CITIES"," UNICA Euromaster in Urban Studies","http://www.4cities.eu/","Autonomous University of Madrid","Spain","Madrid",40.4168,-3.7038,-5.7038,3.6761,18.3738,52.8503
"389","ADVANCES"," MA Advanced Development in Social Work","http://www.socialworkadvances.org/","Warsaw University","Poland","Warsaw",52.2297,21.0122,-11.1393,36.7223,23.0122,59.0488
"390","ASC"," Advanced Spectroscopy in Chemistry Master's Course","http://www.master-asc.org/","Lille1 University","France","Lille",50.6292,3.0573,1.0573,42.4949,26.9384,62.1699
"391","ASTROMUNDUS"," Astrophysics","http://www.astromundus.eu/","University of Rome Tor Vergata","Italy","Rome",41.9028,12.4964,-0.5959,39.9028,22.4489,53.5413
"392","CLE"," Master Erasmus Mundus en  en Cultures Littéraires Européennes","http://www.cle.unibo.it/site/","Cheikh Anta Diop University","Senegal","Dakar",14.7645,-17.366,-19.366,12.7645,24.9444,50.5734
"393","CoMEM"," Erasmus Mundus MSC Coastal and Marine Engineering and Management","http://www.ntnu.edu/studies/mscomem","University of Southampton","UK","Southampton",50.9097,-1.4044,-3.4044,39.3851,12.3951,65.4305
"395","Dyclam"," Dynamics of cultural landscapes and heritage management","http://www.dyclam.eu/fr/","National Museum of Natural History","France","Paris",48.8566,2.3522,-10.4043,37.6052,16.2681,50.8566
"397","EMGS"," Global Studies - A European Perspective","http://www.globalstudies-masters.info/","University of Wroclaw","Poland","Wroclaw",51.1079,17.0385,-2.1278,46.2082,19.0385,57.6419
"398","EMLE"," European Master in Law and Economics","http://www.emle.org/","University of Haifa","Israel","Haifa",32.794,34.9896,1.7174,17.076,74.8777,55.5511
"399","EMLex ","European Master in Lexicography","http://www.emlex.phil.uni-erlangen.de/","Roma Tre University","Italy","Rome",41.9028,12.4964,-10.5448,-35.9321,21.0402,54.1548
"400","EMQAL"," European Joint Master in Quality in Analytical Laboratories","http://www.emqal.org/","Gdansk University of Technology","Poland","Gdansk",54.352,18.6466,-9.9304,34.5271,20.6466,62.3913
"401","EMSHIP"," European Education in Advanced Ship Design","http://www.emship.eu/","University of Genova","Italy","Genova",44.4056,8.9463,-3.5536,42.4056,30.008,56.0924
"402","EPOG"," Master's Course - Economic Policies in the age of Globalisation : knowledge, finance and development","http://www.epog.eu/","University of Turin","Italy","Turin",45.0703,7.6869,-2.3007,-28.2041,30.0473,54.52
"403","EUCOMOR"," European Master in Comparative Morphology","http://www.eucomor.net/","University of Naples Federico II","Italy","Napoli",40.8518,14.2681,2.4025,38.8518,18.9252,54.4064
"406","EUROPHOTONICS"," Master in Photonics Engineering, Nanophotonics and Biophotonics","http://www.europhotonics.org/wordpress/","University of Barcelona","Spain","Barcelona",41.3851,2.1734,0.1734,39.3851,27.2797,56.6872
"407","EU4M - EMMC"," EMMC Mechatronic Engineering","http://www.eu4m.eu/","Ivanovo State Power Engineering University","Russia","Ivanovo",57.0051,40.9766,-7.8494,28.0131,42.9766,59.0051
"410","IMAE"," International Master in Applied Ecology","http://www.emmc-imae.org/","Federal University of Rio Grande do Sul","Brazil","Porto Alegre",-30.0346,-51.2177,-53.2177,-32.0346,12.1228,56.3233
"411","IMQP"," Erasmus Mundus Master in Quaternary and Prehistory","https://sites.google.com/a/unife.it/quaternary-prehistory/","National Museum of Natural History","France","Paris",48.8566,2.3522,-10.4043,37.6052,13.6198,50.8566
"412","IMRCEES"," International Masters in Russian, Central and East European Studies","http://www.gla.ac.uk/postgraduate/erasmusmundus/imrcees/","KIMEP University","Kazakhstan","Almaty",43.222,76.8512,-6.2518,39.7151,78.8512,60.3776
"413","IMRD"," International Master of Science in Rural Development","http://www.imrd.ugent.be/","Ghent University","Belgium","Ghent",51.0543,3.7174,-3.6778,41.7228,20.0764,54.52
"415","LCT"," European Masters Program in Language and Communication Technologies","http://www.lct-master.org/","University of Trento","Italy","Trento",46.0748,11.1217,-3.9812,33.8956,16.4869,55.2194
"416","MAMASELF"," Master in material science exploring European large scale facilities","http://www.mamaself.eu/","University of Montpellier","France","Montpellier",43.6108,3.8767,-3.6778,41.6108,13.582,50.1351
"417","MATHMODS"," Mathematical Modelling in Engineering: Theory, Numerics, Applications","http://www.mathmods.eu/","University of Nice - Sophia Antipolis","France","Nice",43.7102,7.262,0.1734,39.3851,20.6466,56.352
"418","ME3"," European Joint Masters in Management and Engineering of Environment and Energy","http://www.emn.fr/z-de/me3-site/","Nantes Mining University","France","Nantes",47.2184,-1.5536,-7.9301,38.4168,21.0402,61.3293
"420","MEEES"," Masters in Earthquake Engineering and Engineering Seismology","http://www.meees.org/","University of Potsdam","Germany","Potsdam",52.401,13.0119,3.7245,36.2466,34.8597,54.401
"421","MEGEI"," MA Economics of Globalisation and European Integration","http://www.ua.ac.be/egei","Lille University","France","Lille",50.6292,3.0573,-49.8822,-17.7942,18.8719,55.0027
"422","MEME"," Erasmus Mundus Master Programme in Evolutionary Biology","http://www.evobio.eu/","Harvard University","USA","Cambridge",42.3736,-71.1097,-73.1097,40.3736,19.6389,61.8586
"424","MONABIP"," Molecular Nano- and Biophotonics","http://www.monabiphot.ens-cachan.fr/","Paris Descartes University - Paris 5","France","Paris",48.8566,2.3522,-5.7038,38.4168,19.0385,53.1079
"425","PlantHealth"," European Master degree in Plant Health in Sustainable Cropping Systems","http://planthealth.upv.es/","Montpellier SupAgro","France","Montpellier",43.6108,3.8767,-3.6778,37.4699,13.8768,53.5413
"426","SPACEMASTER"," EMMC in Space Science and Technology","http://www.spacemaster.eu/","Aalto University","Finland","Helsinki",60.1699,24.9384,-2.6087,33.6895,141.6917,67.5848
"428","SUSCOS"," Sustainable Constructions under Natural Hazards and Catastrophic Events","http://steel.fsv.cvut.cz/suscos/","Politehnica University of Timisoara","Romania","Timisoara",45.7489,21.2087,-10.4404,38.2048,24.1567,67.5848
"429","TCCM"," Euromaster on Theoretical Chemistry and Computational Modelling","http://www.emtccm.org/","University of Perugia","Italy","Perugia",43.1107,12.3908,-10.6291,37.4699,14.3908,55.2194
"430","TROPIMUNDO"," Erasmus Mundus Masters Course in Tropical Biodiversity and Ecosystems","http://www.tropimundo.eu/","Université de Dschang","Cameroon","Dschang",5.4459,10.0472,0.3522,-29.4954,155.012,52.8503
"431","VINIFERA"," European Master of Science of Viticulture and Enology","http://vinifera-euromaster.eu/","University of Turin","Italy","Turin",45.0703,7.6869,-11.1393,36.7223,15.2346,51.9844
"433","4CITIES"," UNICA Euromaster in Urban Studies","http://www.4cities.eu/","Complutense University of Madrid","Spain","Madrid",40.4168,-3.7038,-5.7038,3.6761,18.3738,52.8503
"435","EMLE"," European Master in Law and Economics","http://www.emle.org/","University of Hamburg","Germany","Hamburg",53.5511,9.9937,1.7174,17.076,74.8777,55.5511
"436","EMLex ","European Master in Lexicography","http://www.emlex.phil.uni-erlangen.de/","University of Santiago de Compostela","Spain","Santiago de Compostela",42.8782,-8.5448,-10.5448,-35.9321,21.0402,54.1548
"437","EMSHIP"," European Education in Advanced Ship Design","http://www.emship.eu/","West Pomeranian University of Technology","Poland","Szczecin",53.4285,14.5528,-3.5536,42.4056,30.008,56.0924
"440","EUROPHOTONICS"," Master in Photonics Engineering, Nanophotonics and Biophotonics","http://www.europhotonics.org/wordpress/","Institute of Photonic Sciences","Spain","Barcelona",41.3851,2.1734,0.1734,39.3851,27.2797,56.6872
"443","IMRCEES"," International Masters in Russian, Central and East European Studies","http://www.gla.ac.uk/postgraduate/erasmusmundus/imrcees/","Ilia State University","Georgia","Tbilisi",41.7151,44.8271,-6.2518,39.7151,78.8512,60.3776
"444","LCT"," European Masters Program in Language and Communication Technologies","http://www.lct-master.org/","Saarland University","Germany","SaarbrÃ_cken",49.2402,6.9969,-3.9812,33.8956,16.4869,55.2194
"446","MEGEI"," MA Economics of Globalisation and European Integration","http://www.ua.ac.be/egei","University of Cantabria","Spain","Santander",43.4623,-3.81,-49.8822,-17.7942,18.8719,55.0027
"448","PlantHealth"," European Master degree in Plant Health in Sustainable Cropping Systems","http://planthealth.upv.es/","University of Padova","Italy","Padova",45.4064,11.8768,-3.6778,37.4699,13.8768,53.5413
"449","SPACEMASTER"," EMMC in Space Science and Technology","http://www.spacemaster.eu/","Paul Sabatier University","France","Toulouse",43.6047,1.4442,-2.6087,33.6895,141.6917,67.5848
"450","SUSCOS"," Sustainable Constructions under Natural Hazards and Catastrophic Events","http://steel.fsv.cvut.cz/suscos/","Lulea University of Technology","Sweden","Lulea",65.5848,22.1567,-10.4404,38.2048,24.1567,67.5848
"451","TCCM"," Euromaster on Theoretical Chemistry and Computational Modelling","http://www.emtccm.org/","Paul Sabatier University","France","Toulouse",43.6047,1.4442,-10.6291,37.4699,14.3908,55.2194
"452","TROPIMUNDO"," Erasmus Mundus Masters Course in Tropical Biodiversity and Ecosystems","http://www.tropimundo.eu/","Universiti Malaysia Terengganu","Malaysia","Kuala Terengganu",5.3296,103.137,0.3522,-29.4954,155.012,52.8503
"453","VINIFERA"," European Master of Science of Viticulture and Enology","http://vinifera-euromaster.eu/","University of Lisbon","Portugal","Lisbon",38.7223,-9.1393,-11.1393,36.7223,15.2346,51.9844
"456","EMLE"," European Master in Law and Economics","http://www.emle.org/","Indira Gandhi Institute of Development Research","India","Mumbai",19.076,72.8777,1.7174,17.076,74.8777,55.5511
"457","EMLex ","European Master in Lexicography","http://www.emlex.phil.uni-erlangen.de/","Stellenbosch University","South Africa","Stellenbosch",-33.9321,18.8602,-10.5448,-35.9321,21.0402,54.1548
"460","EUROPHOTONICS"," Master in Photonics Engineering, Nanophotonics and Biophotonics","http://www.europhotonics.org/wordpress/","École centrale de Marseille","France","Marseille",43.2965,5.3698,0.1734,39.3851,27.2797,56.6872
"463","IMRCEES"," International Masters in Russian, Central and East European Studies","http://www.gla.ac.uk/postgraduate/erasmusmundus/imrcees/","Lobachevsky State University of Nizhni Novgorod","Russia","Nizhni Novgorod",56.2965,43.9361,-6.2518,39.7151,78.8512,60.3776
"464","LCT"," European Masters Program in Language and Communication Technologies","http://www.lct-master.org/","Charles University in Prague","Czech Republic","Prague",50.0755,14.4378,-3.9812,33.8956,16.4869,55.2194
"466","MEGEI"," MA Economics of Globalisation and European Integration","http://www.ua.ac.be/egei","Free University of Brussels","Belgium","Brussels",50.8503,4.3517,-49.8822,-17.7942,18.8719,55.0027
"467","SPACEMASTER"," EMMC in Space Science and Technology","http://www.spacemaster.eu/","University of Tokyo","Japan","Tokyo",35.6895,139.6917,-2.6087,33.6895,141.6917,67.5848
"468","TCCM"," Euromaster on Theoretical Chemistry and Computational Modelling","http://www.emtccm.org/","University of Porto","Portugal","Porto",41.1579,-8.6291,-10.6291,37.4699,14.3908,55.2194
"469","TROPIMUNDO"," Erasmus Mundus Masters Course in Tropical Biodiversity and Ecosystems","http://www.tropimundo.eu/","University of Queensland","Australia","Brisbane",-27.4954,153.012,0.3522,-29.4954,155.012,52.8503
"470","VINIFERA"," European Master of Science of Viticulture and Enology","http://vinifera-euromaster.eu/","Technical University of Madrid","Spain","Madrid",40.4168,-3.7038,-11.1393,36.7223,15.2346,51.9844
"471","EMLE"," European Master in Law and Economics","http://www.emle.org/","University of Vienna","Austria","Vienna",48.2082,16.3738,1.7174,17.076,74.8777,55.5511
"472","EMLex ","European Master in Lexicography","http://www.emlex.phil.uni-erlangen.de/","University of Hildesheim","Germany","Hildesheim",52.1548,9.958,-10.5448,-35.9321,21.0402,54.1548
"475","EUROPHOTONICS"," Master in Photonics Engineering, Nanophotonics and Biophotonics","http://www.europhotonics.org/wordpress/","Vilnius University","Lithuania","Vilnius",54.6872,25.2797,0.1734,39.3851,27.2797,56.6872
"477","IMRCEES"," International Masters in Russian, Central and East European Studies","http://www.gla.ac.uk/postgraduate/erasmusmundus/imrcees/","National University of Kyiv-Mohyla Academy","Ukraine","Kiev",50.4501,30.5234,-6.2518,39.7151,78.8512,60.3776
"478","MEGEI"," MA Economics of Globalisation and European Integration","http://www.ua.ac.be/egei","University of Brasilia","Brazil","Brasilia",-15.7942,-47.8822,-49.8822,-17.7942,18.8719,55.0027
"479","VINIFERA"," European Master of Science of Viticulture and Enology","http://vinifera-euromaster.eu/","School of Agronomy ̐ University of Lisbon","Portugal","Lisbon",38.7223,-9.1393,-11.1393,36.7223,15.2346,51.9844
"480","EMLE"," European Master in Law and Economics","http://www.emle.org/","Warsaw School of Economics","Poland","Warsaw",52.2297,21.0122,1.7174,17.076,74.8777,55.5511
"481","EMLex ","European Master in Lexicography","http://www.emlex.phil.uni-erlangen.de/","Institute of German Language","Germany","Mannheim",49.4875,8.466,-10.5448,-35.9321,21.0402,54.1548
"484","VINIFERA"," European Master of Science of Viticulture and Enology","http://vinifera-euromaster.eu/","Polytechnic University of Madrid","Spain","Madrid",40.4168,-3.7038,-11.1393,36.7223,15.2346,51.9844
"486","VINIFERA"," European Master of Science of Viticulture and Enology","http://vinifera-euromaster.eu/","University of Turin","Italy","Turin",45.0703,7.6869,-11.1393,36.7223,15.2346,51.9844
"138","BDMA"," Big Data Management and Analytics","http://bdma.univ-tours.fr/bdma/","Free University of Brussels","Belgium","Brussels",50.8503396,4.3517103,1.1734035,40.3850639,5.3517103,51.8503396
"218","BDMA"," Big Data Management and Analytics","http://bdma.univ-tours.fr/bdma/","Polytechnic University of Catalonia","Spain","Barcelona",41.3850639,2.1734035,1.1734035,40.3850639,5.3517103,51.8503396
"318","BDMA"," Big Data Management and Analytics","http://bdma.univ-tours.fr/bdma/","Free University of Brussels","Belgium","Brussels",50.8503396,4.3517103,1.1734035,40.3850639,5.3517103,51.8503396
"414","BDMA"," Big Data Management and Analytics","http://bdma.univ-tours.fr/bdma/","Polytechnic University of Catalonia","Spain","Barcelona",41.3850639,2.1734035,1.1734035,40.3850639,5.3517103,51.8503396
"510","EM3E4SW","Erasmus Mundus Master in Membrane Engineering for a Sustainable World","http://em3e-4sw.eu/em3e/index.php","University of Twente","Netherlands","Twente",52.0638598,5.1376647,-10.1393366,37.7222524,15.4378005,53.0638598
"610","EM3E4SW","Erasmus Mundus Master in Membrane Engineering for a Sustainable World","http://em3e-4sw.eu/em3e/index.php","Universidade Nova de Lisboa","Portugal","Lisbon",38.7222524,-9.1393366,-10.1393366,37.7222524,15.4378005,53.0638598
"710","EM3E4SW","Erasmus Mundus Master in Membrane Engineering for a Sustainable World","http://em3e-4sw.eu/em3e/index.php","Universidad de Zaragoza","Spain","Zaragoza",41.6488696,-0.8897421,-10.1393366,37.7222524,15.4378005,53.0638598
"810","EM3E4SW","Erasmus Mundus Master in Membrane Engineering for a Sustainable World","http://em3e-4sw.eu/em3e/index.php","University of Chemistry and Technology Prague","Czech Republic","Prague",50.0755381,14.4378005,-10.1393366,37.7222524,15.4378005,53.0638598
"910","EM3E4SW","Erasmus Mundus Master in Membrane Engineering for a Sustainable World","http://em3e-4sw.eu/em3e/index.php","Université Toulouse 3 Paul Sabatier","France","Toulouse",43.604652,1.444209,-10.1393366,37.7222524,15.4378005,53.0638598
"1010","EM3E4SW","Erasmus Mundus Master in Membrane Engineering for a Sustainable World","http://em3e-4sw.eu/em3e/index.php","Université de Montpellier","France","Montpellier",43.610769,3.876716,-10.1393366,37.7222524,15.4378005,53.0638598
"1110","EMCL+","European Master in Clinical Linguistics+","http://emcl.eu/","University of Groningen","Netherlands","Groningen",53.2193835,6.5665018,5.5665018,51.3905689,30.7635719,63.6010155
"12","EMCL+","European Master in Clinical Linguistics+","http://emcl.eu/","University of Potsdam","Germany","Potsdam",52.3905689,13.0644729,5.5665018,51.3905689,30.7635719,63.6010155
"1310","EMCL+","European Master in Clinical Linguistics+","http://emcl.eu/","University of Eastern Finland","Finland","Joensuu",62.6010155,29.7635719,5.5665018,51.3905689,30.7635719,63.6010155
"145","EPH+","EuroPubHealth Plus (European Master in Public Health)","http://www.europubhealth.org/","University of Granada","Spain","Granada",37.1773363,-3.5985571,-4.5985571,36.1773363,20.9449799,54.381129
"151","EPH+","EuroPubHealth Plus (European Master in Public Health)","http://www.europubhealth.org/","University of Sheffield","UK","Sheffield",53.381129,-1.470085,-4.5985571,36.1773363,20.9449799,54.381129
"164","EPH+","EuroPubHealth Plus (European Master in Public Health)","http://www.europubhealth.org/","École des Hautes Études en Santé Publique (EHESP)","France","Paris",48.856614,2.3522219,-4.5985571,36.1773363,20.9449799,54.381129
"17","EPH+","EuroPubHealth Plus (European Master in Public Health)","http://www.europubhealth.org/","Jagiellonian University Medical College","Poland","Krakow",50.0646501,19.9449799,-4.5985571,36.1773363,20.9449799,54.381129
"183","EPH+","EuroPubHealth Plus (European Master in Public Health)","http://www.europubhealth.org/","University of Rennes 1","France","Rennes",48.117266,-1.6777926,-4.5985571,36.1773363,20.9449799,54.381129
"19","EPH+","EuroPubHealth Plus (European Master in Public Health)","http://www.europubhealth.org/","Maastricht University","Netherlands","Maastricht",50.8513682,5.6909725,-4.5985571,36.1773363,20.9449799,54.381129
"205","ESTeDe","Extended Sustainable Territorial Development","http://www.em-stede.eu/","University of Johannesburg","South Africa","Johannesburg",-26.2041028,28.0473051,-55.6202365,-27.2041028,32.2357116,51.8798438
"2110","ESTeDe","Extended Sustainable Territorial Development","http://www.em-stede.eu/","Université de Ouagadougou","Burkina Faso","Ouagadougou",12.3714277,-1.5196603,-55.6202365,-27.2041028,32.2357116,51.8798438
"22","ESTeDe","Extended Sustainable Territorial Development","http://www.em-stede.eu/","Cairo University","Egypt","Cairo",30.0444196,31.2357116,-55.6202365,-27.2041028,32.2357116,51.8798438
"2310","ESTeDe","Extended Sustainable Territorial Development","http://www.em-stede.eu/","Universidade Catolica Dom Bosco","Brazil","Campo Grande",-20.4697645,-54.6202365,-55.6202365,-27.2041028,32.2357116,51.8798438
"241","ESTeDe","Extended Sustainable Territorial Development","http://www.em-stede.eu/","Université Paris 1 Panthéon Sorbonne","France","Paris",48.856614,2.3522219,-55.6202365,-27.2041028,32.2357116,51.8798438
"253","ESTeDe","Extended Sustainable Territorial Development","http://www.em-stede.eu/","Catholic University of Leuven","Belgium","Leuven",50.8798438,4.7005176,-55.6202365,-27.2041028,32.2357116,51.8798438
"267","ESTeDe","Extended Sustainable Territorial Development","http://www.em-stede.eu/","University of Padua","Italy","Padova",45.4064349,11.8767611,-55.6202365,-27.2041028,32.2357116,51.8798438
"274","EuroAquae+","Euro HydroInformatics and Water Management","http://master.euroaquae.eu/","University of Nice-Sophia Antipolis","France","Nice",43.7101728,7.2619532,-100.133208,-32.6106578,127.7052062,55.978252
"286","EuroAquae+","Euro HydroInformatics and Water Management","http://master.euroaquae.eu/","Technical University of Catalonia","Spain","Barcelona",41.3850639,2.1734035,-100.133208,-32.6106578,127.7052062,55.978252
"292","EuroAquae+","Euro HydroInformatics and Water Management","http://master.euroaquae.eu/","Brandenburg University of Technology at Cottbus","Germany","Cottbus",51.7563108,14.3328679,-100.133208,-32.6106578,127.7052062,55.978252
"301","EuroAquae+","Euro HydroInformatics and Water Management","http://master.euroaquae.eu/","Newcastle University","UK","Newcastle",54.978252,-1.61778,-100.133208,-32.6106578,127.7052062,55.978252
"3110","EuroAquae+","Euro HydroInformatics and Water Management","http://master.euroaquae.eu/","Warsaw University of Technology","Poland","Warsaw",52.2296756,21.0122287,-100.133208,-32.6106578,127.7052062,55.978252
"454","G-MINDES","European Master in the Psychology of Global Mobility, Inclusion and Diversity in Society","http://global-minds.eu/","Lisbon University Institute (ISCTE-IUL)","Portugal","Lisbon",38.7222524,-9.1393366,-10.1393366,37.7222524,29.9783589,60.9138688
"461","G-MINDES","European Master in the Psychology of Global Mobility, Inclusion and Diversity in Society","http://global-minds.eu/","University of Oslo","Norway","Oslo",59.9138688,10.7522454,-10.1393366,37.7222524,29.9783589,60.9138688
"47","G-MINDES","European Master in the Psychology of Global Mobility, Inclusion and Diversity in Society","http://global-minds.eu/","University of Social Sciences and Humanities","Poland","Warsaw",52.2296756,21.0122287,-10.1393366,37.7222524,29.9783589,60.9138688
"48","G-MINDES","European Master in the Psychology of Global Mobility, Inclusion and Diversity in Society","http://global-minds.eu/","Koç University","Turkey","Istanbul",41.0082376,28.9783589,-10.1393366,37.7222524,29.9783589,60.9138688
"491","G-MINDES","European Master in the Psychology of Global Mobility, Inclusion and Diversity in Society","http://global-minds.eu/","University of Limerick","Ireland","Limerick",52.6680204,-8.6304975,-10.1393366,37.7222524,29.9783589,60.9138688
"50","GLOCAL","Global Markets, Local Creativities","http://www.gla.ac.uk/postgraduate/erasmusmundus/glocal/","University of Glasgow","UK","Glasgow",55.864237,-4.251806,-5.251806,40.3850639,10.9158035,56.864237
"511","GLOCAL","Global Markets, Local Creativities","http://www.gla.ac.uk/postgraduate/erasmusmundus/glocal/","Universitat de Barcelona","Spain","Barcelona",41.3850639,2.1734035,-5.251806,40.3850639,10.9158035,56.864237
"521","GLOCAL","Global Markets, Local Creativities","http://www.gla.ac.uk/postgraduate/erasmusmundus/glocal/","Erasmus University Rotterdam","Netherlands","Rotterdam",51.9244201,4.4777325,-5.251806,40.3850639,10.9158035,56.864237
"531","GLOCAL","Global Markets, Local Creativities","http://www.gla.ac.uk/postgraduate/erasmusmundus/glocal/","University of Göttingen","Germany","Göttingen",51.5412804,9.9158035,-5.251806,40.3850639,10.9158035,56.864237
"541","GLODEP","EMJMD International Development Studies","http://glodep.eu/","Palacký University Olomouc","Czech Republic","Olomouc",49.593778,17.2508787,2.087025,44.1847248,18.2508787,50.593778
"551","GLODEP","EMJMD International Development Studies","http://glodep.eu/","Université Clermont Auvergne","France","Clermont-Ferrand",45.777222,3.087025,2.087025,44.1847248,18.2508787,50.593778
"561","GLODEP","EMJMD International Development Studies","http://glodep.eu/","University of Pavia","Italy","Pavia",45.1847248,9.1582069,2.087025,44.1847248,18.2508787,50.593778
"571","IDOH","International Master of Science in Infectious Diseases and One Health","http://infectious-diseases-one-health.eu/#services-tou","Université de Tours","France","Loire Valley",47.5532402,1.0105289,-4.188267,40.3850639,3.1734035,56.953252
"581","IDOH","International Master of Science in Infectious Diseases and One Health","http://infectious-diseases-one-health.eu/#services-tou","Autonomous University of Barcelona","Spain","Barcelona",41.3850639,2.1734035,-4.188267,40.3850639,3.1734035,56.953252
"591","IDOH","International Master of Science in Infectious Diseases and One Health","http://infectious-diseases-one-health.eu/#services-tou","University of Edinburgh","Scotland","Edinburgh",55.953252,-3.188267,-4.188267,40.3850639,3.1734035,56.953252
"601","IMBRSea","International Master in Marine Biological Resources","http://www.imbrsea.eu/","Ghent University","Belgium","Ghent",51.0543422,3.7174243,-10.0567905,36.0179538,14.518915,61.3912628
"61","IMBRSea","International Master in Marine Biological Resources","http://www.imbrsea.eu/","University of Pierre and Marie Curie","France","Paris",48.856614,2.3522219,-10.0567905,36.0179538,14.518915,61.3912628
"62","IMBRSea","International Master in Marine Biological Resources","http://www.imbrsea.eu/","University of the Algarve","Portugal","Algarve",37.0179538,-7.930834,-10.0567905,36.0179538,14.518915,61.3912628
"631","IMBRSea","International Master in Marine Biological Resources","http://www.imbrsea.eu/","University of Oviedo","Spain","Oviedo",43.3619145,-5.8493887,-10.0567905,36.0179538,14.518915,61.3912628
"641","IMBRSea","International Master in Marine Biological Resources","http://www.imbrsea.eu/","Galway-Mayo Institute of Technology","Ireland","Galway",53.270668,-9.0567905,-10.0567905,36.0179538,14.518915,61.3912628
"651","IMBRSea","International Master in Marine Biological Resources","http://www.imbrsea.eu/","University of the Basque Country","Spain","Bilbao",43.2630126,-2.9349852,-10.0567905,36.0179538,14.518915,61.3912628
"661","IMBRSea","International Master in Marine Biological Resources","http://www.imbrsea.eu/","Marche Polytechnic University","Italy","Ancona",43.6158299,13.518915,-10.0567905,36.0179538,14.518915,61.3912628
"671","IMBRSea","International Master in Marine Biological Resources","http://www.imbrsea.eu/","University of Bergen","Norway","Bergen",60.3912628,5.3220544,-10.0567905,36.0179538,14.518915,61.3912628
"68","IMSISS","International Master in Security, Intelligence and Strategic Studies","http://www.gla.ac.uk/postgraduate/erasmusmundus/imsiss/","Charles University","Czech Republic","Prague",50.0755381,14.4378005,-7.2603097,48.0134297,15.4378005,56.864237
"691","IMSISS","International Master in Security, Intelligence and Strategic Studies","http://www.gla.ac.uk/postgraduate/erasmusmundus/imsiss/","Dublin City University","Ireland","Dublin",53.3498053,-6.2603097,-7.2603097,48.0134297,15.4378005,56.864237
"701","IMSISS","International Master in Security, Intelligence and Strategic Studies","http://www.gla.ac.uk/postgraduate/erasmusmundus/imsiss/","University of Glasgow","UK","Glasgow",55.864237,-4.251806,-7.2603097,48.0134297,15.4378005,56.864237
"711","IMSISS","International Master in Security, Intelligence and Strategic Studies","http://www.gla.ac.uk/postgraduate/erasmusmundus/imsiss/","Regensburg University of Applied Sciences","Germany","Regensburg",49.0134297,12.1016236,-7.2603097,48.0134297,15.4378005,56.864237
"72","MAISI","Erasmus Mundus Joint Master Degree in Sports Ethics and Integrity","http://www.maisi-project.eu/","Swansea University","UK","Swansea",51.62144,-3.943646,-4.943646,36.5079472,23.37349,52.62144
"731","MAISI","Erasmus Mundus Joint Master Degree in Sports Ethics and Integrity","http://www.maisi-project.eu/","Charles University","Czech Republic","Prague",50.0755381,14.4378005,-4.943646,36.5079472,23.37349,52.62144
"741","MAISI","Erasmus Mundus Joint Master Degree in Sports Ethics and Integrity","http://www.maisi-project.eu/","Catholic University of Leuven","Belgium","Leuven",50.8798438,4.7005176,-4.943646,36.5079472,23.37349,52.62144
"751","MAISI","Erasmus Mundus Joint Master Degree in Sports Ethics and Integrity","http://www.maisi-project.eu/","Univesitat Pompeu Fabra Barcelona","Spain","Barcelona",41.3850639,2.1734035,-4.943646,36.5079472,23.37349,52.62144
"761","MAISI","Erasmus Mundus Joint Master Degree in Sports Ethics and Integrity","http://www.maisi-project.eu/","Johannes Gutenberg Universität Mainz","Germany","Mainz",49.9928617,8.2472526,-4.943646,36.5079472,23.37349,52.62144
"771","MAISI","Erasmus Mundus Joint Master Degree in Sports Ethics and Integrity","http://www.maisi-project.eu/","University of Peloponnese","Greece","Peloponnese",37.5079472,22.37349,-4.943646,36.5079472,23.37349,52.62144
"781","MAMASELF","Master in material science exploring European large scale facilities","https://www.mamaself.eu/","University of Rennes 1","France","Rennes",48.117266,-1.6777926,-2.6777926,42.610769,12.5819806,49.1351253
"791","MAMASELF","Master in material science exploring European large scale facilities","https://www.mamaself.eu/","University of Montpellier","France","Montpellier",43.610769,3.876716,-2.6777926,42.610769,12.5819806,49.1351253
"80","MAMASELF","Master in material science exploring European large scale facilities","https://www.mamaself.eu/","Technical University of Munich","Germany","Munich",48.1351253,11.5819806,-2.6777926,42.610769,12.5819806,49.1351253
"811","MAMASELF","Master in material science exploring European large scale facilities","https://www.mamaself.eu/","Ludwig Maximilian University of Munich","Germany","Munich",48.1351253,11.5819806,-2.6777926,42.610769,12.5819806,49.1351253
"82","MAMASELF","Master in material science exploring European large scale facilities","https://www.mamaself.eu/","University of Torino","Italy","Torino",45.070312,7.6868565,-2.6777926,42.610769,12.5819806,49.1351253
"831","MScEF","MSc European Forestry","http://www.uef.fi/en/web/mdp-europeanforestry","University of Eastern Finland","Finland","Joensuu",62.6010155,29.7635719,-0.3799854,40.6175899,30.7635719,63.6010155
"84","MScEF","MSc European Forestry","http://www.uef.fi/en/web/mdp-europeanforestry","Agro ParisTech","France","Paris",48.856614,2.3522219,-0.3799854,40.6175899,30.7635719,63.6010155
"851","MScEF","MSc European Forestry","http://www.uef.fi/en/web/mdp-europeanforestry","University of Freiburg","Germany","Freiburg",47.9990077,7.8421043,-0.3799854,40.6175899,30.7635719,63.6010155
"86","MScEF","MSc European Forestry","http://www.uef.fi/en/web/mdp-europeanforestry","University of Lleida","Spain","Lleida",41.6175899,0.6200146,-0.3799854,40.6175899,30.7635719,63.6010155
"871","MScEF","MSc European Forestry","http://www.uef.fi/en/web/mdp-europeanforestry","University of Natural Resources and Life Sciences","Austria","Vienna",48.2081743,16.3738189,-0.3799854,40.6175899,30.7635719,63.6010155
"88","MScEF","MSc European Forestry","http://www.uef.fi/en/web/mdp-europeanforestry","Transilvania University of Brașov","Romania","Brasov",45.6579755,25.6011977,-0.3799854,40.6175899,30.7635719,63.6010155
"891","NANOMED","Nanomedicine for Drug Delivery","http://master-nanomed.eu/","Paris Descartes University","France","Paris",48.856614,2.3522219,-1.563166,37.2466395,22.734574,49.856614
"901","NANOMED","Nanomedicine for Drug Delivery","http://master-nanomed.eu/","University of Patras","Greece","Patras",38.2466395,21.734574,-1.563166,37.2466395,22.734574,49.856614
"91","NANOMED","Nanomedicine for Drug Delivery","http://master-nanomed.eu/","University of Angers","France","Angers",47.478419,-0.563166,-1.563166,37.2466395,22.734574,49.856614
"921","NANOMED","Nanomedicine for Drug Delivery","http://master-nanomed.eu/","University of Pavia","Italy","Pavia",45.1847248,9.1582069,-1.563166,37.2466395,22.734574,49.856614
"931","NEURASMUS","A EUROPEAN MASTER IN NEUROSCIENCE : ADVANCED COURSE AND RESEARCH TRAINING","www.neurasmus.u-bordeaux2.fr","Vrije Universiteit Amsterdam","Netherlands","Amsterdam",52.3702157,4.8951679,-72.2079809,43.837789,14.404954,53.5200066
"941","NEURASMUS","A EUROPEAN MASTER IN NEUROSCIENCE : ADVANCED COURSE AND RESEARCH TRAINING","www.neurasmus.u-bordeaux2.fr","Charité-Universitätsmedizin Berlin","Germany","Berlin",52.5200066,13.404954,-72.2079809,43.837789,14.404954,53.5200066
"95","NEURASMUS","A EUROPEAN MASTER IN NEUROSCIENCE : ADVANCED COURSE AND RESEARCH TRAINING","www.neurasmus.u-bordeaux2.fr","Bordeaux University","France","Bordeaux",44.837789,-0.57918,-72.2079809,43.837789,14.404954,53.5200066
"961","NEURASMUS","A EUROPEAN MASTER IN NEUROSCIENCE : ADVANCED COURSE AND RESEARCH TRAINING","www.neurasmus.u-bordeaux2.fr","Göttingen Graduate School for Neurosciences, Biophysics, and Molecular Biosciences","Germany","Göttingen",51.5412804,9.9158035,-72.2079809,43.837789,14.404954,53.5200066
"971","NEURASMUS","A EUROPEAN MASTER IN NEUROSCIENCE : ADVANCED COURSE AND RESEARCH TRAINING","www.neurasmus.u-bordeaux2.fr","Maîtrise de Neurobiologie","Canada","Québec",46.8138783,-71.2079809,-72.2079809,43.837789,14.404954,53.5200066
"981","NUPHYS","ERASMUS MUNDUS MASTER JOINT DEGREE NUCLEAR PHYSICS","alojamientosv.us.es/nuphysjmd/","University of Caen Normandie","France","Caen",49.182863,-0.370679,-6.9844589,36.3890924,16.0830304,50.182863
"991","NUPHYS","ERASMUS MUNDUS MASTER JOINT DEGREE NUCLEAR PHYSICS","alojamientosv.us.es/nuphysjmd/","University of Padova","Italy","Padova",45.4064349,11.8767611,-6.9844589,36.3890924,16.0830304,50.182863
"1001","NUPHYS","ERASMUS MUNDUS MASTER JOINT DEGREE NUCLEAR PHYSICS","alojamientosv.us.es/nuphysjmd/","University of Catania","Italy","Catania",37.5078772,15.0830304,-6.9844589,36.3890924,16.0830304,50.182863
"1011","NUPHYS","ERASMUS MUNDUS MASTER JOINT DEGREE NUCLEAR PHYSICS","alojamientosv.us.es/nuphysjmd/","University of Seville","Spain","Seville",37.3890924,-5.9844589,-6.9844589,36.3890924,16.0830304,50.182863
"102","NUPHYS","ERASMUS MUNDUS MASTER JOINT DEGREE NUCLEAR PHYSICS","alojamientosv.us.es/nuphysjmd/","Autonomous University of Madrid","Spain","Madrid",40.4167754,-3.7037902,-6.9844589,36.3890924,16.0830304,50.182863
"1031","NUPHYS","ERASMUS MUNDUS MASTER JOINT DEGREE NUCLEAR PHYSICS","alojamientosv.us.es/nuphysjmd/","University of Barcelona","Spain","Barcelona",41.3850639,2.1734035,-6.9844589,36.3890924,16.0830304,50.182863
"1041","NUPHYS","ERASMUS MUNDUS MASTER JOINT DEGREE NUCLEAR PHYSICS","alojamientosv.us.es/nuphysjmd/","Complutense University of Madrid","Spain","Madrid",40.4167754,-3.7037902,-6.9844589,36.3890924,16.0830304,50.182863
"1051","NUPHYS","ERASMUS MUNDUS MASTER JOINT DEGREE NUCLEAR PHYSICS","alojamientosv.us.es/nuphysjmd/","University of Salamanca","Spain","Salamanca",40.9701039,-5.6635397,-6.9844589,36.3890924,16.0830304,50.182863
"1061","PIONEER","Erasmus Mundus Master of Science in Public Sector Innovation and eGovernance","http://pioneer-master.eu/","Catholic University of Leuven","Belgium","Leuven",50.8798438,4.7005176,3.7005176,49.8798438,25.7535746,60.4369608
"1071","PIONEER","Erasmus Mundus Master of Science in Public Sector Innovation and eGovernance","http://pioneer-master.eu/","Tallin University of Technology","Estonia","Tallin",59.4369608,24.7535746,3.7005176,49.8798438,25.7535746,60.4369608
"1081","PIONEER","Erasmus Mundus Master of Science in Public Sector Innovation and eGovernance","http://pioneer-master.eu/","University of Münster","Germany","Münster",51.9606649,7.6261347,3.7005176,49.8798438,25.7535746,60.4369608
"1091","SERP+","Joint European Master in Surface, Electro, Radiation and Photochemistry","http://www.master-serp.eu/","Université Paris-Sud","France","Paris",48.856614,2.3522219,-9.6291053,40.1579438,17.9251681,53.406374
"1101","SERP+","Joint European Master in Surface, Electro, Radiation and Photochemistry","http://www.master-serp.eu/","University of Genoa","Italy","Genova",44.4056499,8.946256,-9.6291053,40.1579438,17.9251681,53.406374
"1111","SERP+","Joint European Master in Surface, Electro, Radiation and Photochemistry","http://www.master-serp.eu/","University of Porto","Portugal","Porto",41.1579438,-8.6291053,-9.6291053,40.1579438,17.9251681,53.406374
"1121","SERP+","Joint European Master in Surface, Electro, Radiation and Photochemistry","http://www.master-serp.eu/","Adam Mickiewicz University in Poznań","Poland","Poznań",52.406374,16.9251681,-9.6291053,40.1579438,17.9251681,53.406374
"1131","VufindR","""Viewfinder"" Cinematography Erasmus Mundus Joint Master Degree","http://www.viewfinder-ma.eu/","Dún Laoghaire Institute of Art, Design and Technology","Ireland","Dublin",53.3498053,-6.2603097,-7.2603097,46.497912,25.7535746,60.4369608
"1141","VufindR","""Viewfinder"" Cinematography Erasmus Mundus Joint Master Degree","http://www.viewfinder-ma.eu/","Academy of Drama and Film in Budapest","Hungary","Budapest",47.497912,19.040235,-7.2603097,46.497912,25.7535746,60.4369608
"115","VufindR","""Viewfinder"" Cinematography Erasmus Mundus Joint Master Degree","http://www.viewfinder-ma.eu/","Baltic Film and Media School of Tallinn University","Estonia","Tallin",59.4369608,24.7535746,-7.2603097,46.497912,25.7535746,60.4369608
"1161","WOP-P","Master in Work, Organizational and Personnel Psychology","https://www.erasmuswop.org","University of Valencia","Spain","Valencia",39.4699075,-0.3762881,-88.6297982,-16.7942287,12.3426163,45.494887
"1171","WOP-P","Master in Work, Organizational and Personnel Psychology","https://www.erasmuswop.org","University of Barcelona","Spain","Barcelona",41.3850639,2.1734035,-88.6297982,-16.7942287,12.3426163,45.494887
"1181","WOP-P","Master in Work, Organizational and Personnel Psychology","https://www.erasmuswop.org","University of Bologna","Italy","Bologna",44.494887,11.3426163,-88.6297982,-16.7942287,12.3426163,45.494887
"1191","WOP-P","Master in Work, Organizational and Personnel Psychology","https://www.erasmuswop.org","University of Coimbra","Portugal","Coimbra",40.2048286,-8.4403573,-88.6297982,-16.7942287,12.3426163,45.494887
"120","WOP-P","Master in Work, Organizational and Personnel Psychology","https://www.erasmuswop.org","Florida Institute of Technology","USA","Melbourne",28.0836269,-80.6081089,-88.6297982,-16.7942287,12.3426163,45.494887
"1211","WOP-P","Master in Work, Organizational and Personnel Psychology","https://www.erasmuswop.org","Illinois Institute of Technology","USA","Chicago",41.8781136,-87.6297982,-88.6297982,-16.7942287,12.3426163,45.494887
"122","WOP-P","Master in Work, Organizational and Personnel Psychology","https://www.erasmuswop.org","University of Brasilia","Brazil","Brasilia",-15.7942287,-47.8821658,-88.6297982,-16.7942287,12.3426163,45.494887
"1231","WOP-P","Master in Work, Organizational and Personnel Psychology","https://www.erasmuswop.org","University of Baltimore","USA","Baltimore",39.2903848,-76.6121893,-88.6297982,-16.7942287,12.3426163,45.494887
"1241","WOP-P","Master in Work, Organizational and Personnel Psychology","https://www.erasmuswop.org","University of Guelph","Canada","Guelph",43.5448048,-80.2481666,-88.6297982,-16.7942287,12.3426163,45.494887
"125","WOP-P","Master in Work, Organizational and Personnel Psychology","https://www.erasmuswop.org","University of Puerto Rico","Puerto Rico","San Juan",18.4655394,-66.1057355,-88.6297982,-16.7942287,12.3426163,45.494887
